movimiento_id,buque_id,matricula,radar_id,muelle,tipo_carga,origen,fecha_ingreso,hora_ingreso,fecha_egreso,hora_egreso,tonelaje_declarado,velocidad_ingreso,velocidad_maxima_muelle,estado_despacho
MOV-00001,B-008,MSC-GENOVA,R-05,MUELLE-B,TRIGO,MONTEVIDEO,2023-04-24,13:02,2023-04-24,10:55 PM,3874.34,6.3,10,DESPACHADO
MOV-00002,B-025,MAERSK-LIMA,R-06,MUELLE-C,HARINA,SANTA FE,2020-06-10,17:18,2020-06-12,7:05,1856.07,10.2,12,RECHAZADO
MOV-00003,B-011,ZIM-NORTE,R-04,MUELLE-B,MINERALES,ROTTERDAM,32/13/2021,21:20,2021-03-26,19:01,6711.61,11.7,15,EN_REVISION
MOV-00004,B-038,,R-06,MUELLE-B,MAIZ,HAMBURG,2023-07-09,5:50,2023-07-11,1:20,5086.61,6.0,10,DESPACHADO
MOV-00005,B-017,ONE-PLATA,R-03,MUELLE-E,SOJA,VALPARAISO,2024-05-13,16:58,2024-05-13,2:16,6166.47,16.2,15,PENDIENTE
MOV-00006,B-011,PIL-SANTA,R-07,MUELLE-B,TRIGO,VALPARAISO,2022-11-25,14:07,2022-11-27,1:06 AM,6737.72,11.9,12,RECHAZADO
MOV-00007,B-031,ZIM-DELTA,R-08,MUELLE-D,TRIGO,BUENOS AIRES,2022-08-14,23:03,2022-08-15,2:13,4392.55,9.6,12,
MOV-00008,B-006,ZIM-DELTA,R-03,MUELLE-D,MINERALES,HAMBURG,2022-02-15,0:24,2022-02-16,23:15,6707.83,7.1,10,PENDIENTE
MOV-00009,B-034,,R-01,MUELLE-E,SOJA,MONTEVIDEO,32/13/2021,3:56,2022-04-07,3:18,3511.75,9.5,10,DESPACHADO
MOV-00010,B-037,MAERSK-LIMA,R-02,MUELLE-E,TRIGO,VALPARAISO,2022-01-26,AB:CD,2022-01-28,13:30,7260.84,9.5,10,PENDIENTE
MOV-00011,B-014,PIL-SANTA,R-08,muelle  c!!,GRANOS,BUENOS AIRES,2024-04-28,4:40,2024-04-29,11:59,,11.2,12,RECHAZADO
MOV-00012,B-023,ONE-PARANA,R-04,MUELLE-F,SOJA,SHANGHAI,32/13/2021,5:51,2024-11-06,1:51,6969.71,11.2,10,RECHAZADO
MOV-00013,B-015,ZIM-DELTA,R-01,muelle  f!!,TRIGO,ROTTERDAM,2021-12-20,20:32,2021-12-23,5:43,4918.63,13.1,12,EN_REVISION
MOV-00014,B-003,MAERSK-PAMPAS,,MUELLE-E,TRIGO,SHANGHAI,2023-06-30,10:42,2023-07-01,19:13,6604.27,13.9,12,RECHAZADO
MOV-00015,B-038,YANG-ESTE,R-06,muelle  d!!,MINERALES,HAMBURG,2020-12-13,21:05,2020-12-15,6:21 AM,2873.03,11.6,15,PENDIENTE
MOV-00016,B-032,COSCO-TIGRE,R-04,MUELLE-B,GRANOS,BUENOS AIRES,2022-11-26,14:03,2022-11-28,2:49,5421.5,17.3,15,RECHAZADO
MOV-00017,B-016,PIL-SANTA,R-08,MUELLE-F,TRIGO,VALPARAISO,2021-11-18,10:57,2021-11-19,06:54 PM,5870.05,13.2,12,
MOV-00018,B-023,YANG-MING,R-07,MUELLE-D,TRIGO,HAMBURG,2021-11-19,21:43,2021-11-22,12:22 AM,4801.28,15.4,12,PENDIENTE
MOV-00019,B-018,MAERSK-PAMPAS,R-05,MUELLE-A,MINERALES,SANTA FE,2020-05-20,20:02,21-05-2020,9:10 PM,6113.77,12.0,15,DESPACHADO
MOV-00020,B-007,PIL-OESTE,R-01,MUELLE-C,CONTENEDORES,ROTTERDAM,2021-05-12,3:44,2021-05-13,6:48 PM,6632.53,14.1,15,PENDIENTE
MOV-00021,B-028,HAPAG-RIO,R-05,MUELLE-E,MINERALES,HAMBURG,2024-10-10,7:53,2024-10-10,01:45 AM,5736.56,8.4,12,RECHAZADO
MOV-00022,B-016,MAERSK-PAMPAS,R-08,MUELLE-E,TRIGO,HAMBURG,2021-03-29,12:44,2021-03-30,10:52,4787.95,12.2,12,RECHAZADO
MOV-00023,B-031,PIL-SANTA,R-05,MUELLE-A,TRIGO,VALPARAISO,2022-12-29,4:17,2022-12-29,39:54:00,4346.69,14.0,15,PENDIENTE
MOV-00024,B-004,CMA-ROSARIO,R-03,MUELLE-E,HARINA,BUENOS AIRES,2023-05-05,19:14,2023-05-08,11:43 PM,6501.03,15.5,15,PENDIENTE
MOV-00025,B-039,HAPAG-SUR,R-05,MUELLE-A,TRIGO,VALPARAISO,2021-04-23,8:50,2021-04-24,19:23,4615.67,8.8,15,EN_REVISION
MOV-00026,B-006,YANG-ESTE,R-01,MUELLE-D,ACEITE,VALPARAISO,2023-04-17,0:48,2023-04-18,sin dato,7576.43,16.2,15,DESPACHADO
MOV-00027,B-026,ZIM-NORTE,R-01,MUELLE-D,SOJA,SHANGHAI,2024-11-06,16:52,2024-11-06,19:10,3586.83,19.1,12,EN_REVISION
MOV-00028,B-011,YANG-MING,R-01,MUELLE-E,CONTENEDORES,BUENOS AIRES,2020-08-28,20:53,2020-08-29,18:36,7648.32,11.7,12,PENDIENTE
MOV-00029,B-033,PIL-SANTA,R-01,MUELLE-C,HARINA,HAMBURG,2023-02-04,17:24,2023-02-07,3:49,3696.06,13.1,12,PENDIENTE
MOV-00030,B-038,MSC-ALPHA,R-02,MUELLE-D,SOJA,HAMBURG,2020-11-12,2:30,2020-11-13,20:47,4787.64,9.0,15,DESPACHADO
MOV-00031,B-028,MAERSK-LIMA,R-02,MUELLE-D,MAIZ,VALPARAISO,2022-01-04,11:27,2022-01-05,1:21,7051.4,13.5,12,DESPACHADO
MOV-00032,B-035,HAPAG-RIO,R-02,muelle  d!!,ACEITE,VALPARAISO,2021-02-11,AB:CD,2021-02-14,5:25,4514.36,8.9,12,RECHAZADO
MOV-00033,B-015,YANG-ESTE,R-06,MUELLE-B,TRIGO,VALPARAISO,21/03/2020,9:50,2020-03-23,8:34,3203.27,7.3,15,PENDIENTE
MOV-00034,B-019,MSC-ALPHA,R-02,MUELLE-D,SOJA,MONTEVIDEO,32/13/2021,17:23,2024-09-29,23:05,6229.05,186.1,12,PENDIENTE
MOV-00035,B-020,MAERSK-PAMPAS,R-02,MUELLE-B,GRANOS,SANTA FE,2024-12-22,17:08,2024-12-24,21:41,,12.0,10,EN_REVISION
MOV-00036,B-007,EVERGREEN-02,R-06,MUELLE-A,CONTENEDORES,VALPARAISO,2020-07-06,21:13,2020-07-07,24:00:00,7869.46,10.5,12,PENDIENTE
MOV-00037,B-012,MAERSK-LIMA,R-01,muelle  b!!,GRANOS,SHANGHAI,2020-04-17,4:47,2020-04-19,02:43 PM,4818.46,11.7,12,PENDIENTE
MOV-00038,B-007,HAPAG-SUR,R-08,MUELLE-A,SOJA,SHANGHAI,2023-04-13,17:45,2023-04-15,23:12,5881.61,13.0,15,PENDIENTE
MOV-00039,B-021,MAERSK-PAMPAS,R-06,MUELLE-F,HARINA,SHANGHAI,2024-08-30,2:05,2024-09-01,2:23,4473.89,8.9,10,PENDIENTE
MOV-00040,B-014,CMA-ROSARIO,R-08,MUELLE-B,SOJA,SHANGHAI,2024-07-11,13:54,2024-07-11,07:21 AM,5727.86,13.6,10,EN_REVISION
MOV-00041,B-030,MSC-ALPHA,R-03,MUELLE-C,HARINA,SHANGHAI,2020-04-11,21:05,2020-04-13,15:29,5518.64,10.8,15,DESPACHADO
MOV-00042,B-009,PIL-SANTA,R-05,MUELLE-C,SOJA,SANTA FE,2022-12-26,22:14,2022-12-29,11:21 PM,4986.01,10.1,12,RECHAZADO
MOV-00043,B-030,EVERGREEN-02,R-02,MUELLE-D,SOJA,SAO PAULO,2024-11-17,9:47,2024-11-19,23:3,3759.99,10.1,12,RECHAZADO
MOV-00044,B-032,CMA-LITORAL,,MUELLE-F,ACEITE,SHANGHAI,2021-09-12,8:37,2021-09-12,09:55 PM,3745.51,13.2,15,PENDIENTE
MOV-00045,B-013,MSC-ALPHA,R-08,MUELLE-E,MAIZ,SANTA FE,02/01/2024,2:32,2024-01-03,04:59 PM,7045.67,15.9,12,RECHAZADO
MOV-00046,B-017,YANG-ESTE,R-03,MUELLE-C,SOJA,MONTEVIDEO,2022-03-13,4:38,2022-03-13,4:59,4352.23,16.1,15,EN_REVISION
MOV-00047,B-015,CMA-ROSARIO,R-03,MUELLE-A,HARINA,BUENOS AIRES,2020-09-25,19:24,2020-09-26,11:24,3710.41,6.8,15,DESPACHADO
MOV-00048,B-013,,R-08,MUELLE-D,HARINA,ROTTERDAM,2020-10-10,8:03,2020-10-13,02:47 AM,7161.7,10.8,15,RECHAZADO
MOV-00049,B-033,@#$%,R-04,MUELLE-D,SOJA,SHANGHAI,2023-08-24,10:50,2023-08-25,13:03,7730.21,13.2,15,PENDIENTE
MOV-00050,B-004,ZIM-DELTA,,MUELLE-F,MINERALES,BUENOS AIRES,2020-02-03,20:32,05-02-2020,00:25 XM,5731.9,9.0,15,DESPACHADO
MOV-00051,B-025,EVERGREEN-02,R-05,MUELLE-F,GRANOS,SHANGHAI,2020-07-31,18:47,2020-08-02,14:51,,16.0,15,DESPACHADO
MOV-00052,B-020,ONE-PLATA,R-07,MUELLE-E,MINERALES,VALPARAISO,2024-10-31,1:55,2024-11-01,26:11:00,5016.16,10.0,12,DESPACHADO
MOV-00053,B-019,MSC-ALPHA,R-02,MUELLE-A,ACEITE,VALPARAISO,2023-11-13,14:22,2023-11-16,6:21,3200.68,13.6,10,EN_REVISION
MOV-00054,B-005,ZIM-DELTA,R-06,MUELLE-C,CONTENEDORES,SANTA FE,2022-06-28,2:36,2022-06-28,____,3738.64,5.4,12,PENDIENTE
MOV-00055,B-005,CMA-LITORAL,R-03,MUELLE-F,MINERALES,BUENOS AIRES,2023-01-15,9:57,2023-01-17,23:09,4068.6,7.9,15,EN_REVISION
MOV-00056,B-020,COSCO-TIGRE,R-08,MUELLE-E,CONTENEDORES,ROTTERDAM,2022-07-10,14:43,2022-07-13,11:39 PM,5739.47,13.9,10,DESPACHADO
MOV-00057,B-006,PIL-SANTA,,MUELLE-F,HARINA,MONTEVIDEO,2020-12-11,18:37,2020-12-12,6:55,4600.06,11.1,15,EN_REVISION
MOV-00058,B-020,HAPAG-SUR,R-04,MUELLE-F,CONTENEDORES,VALPARAISO,2022-05-01,15:29,2022-05-02,9:42,5378.26,12.5,12,RECHAZADO
MOV-00059,B-027,ZIM-DELTA,R-03,MUELLE-C,ACEITE,SAO PAULO,2024-12-05,9:31,2024-12-05,2:32,3557.05,92.9,12,PENDIENTE
MOV-00060,B-004,PIL-OESTE,R-04,MUELLE-C,HARINA,BUENOS AIRES,2024-08-17,19:43,2024-08-18,12:30,2960.28,11.9,12,RECHAZADO
MOV-00061,B-040,MSC-ALPHA,R-03,MUELLE-D,HARINA,SHANGHAI,2022-01-24,AB:CD,2022-01-25,12:29,4740.29,9.6,10,RECHAZADO
MOV-00062,B-010,ZIM-DELTA,R-01,MUELLE-E,SOJA,SAO PAULO,2023-11-15,6:26,2023-11-18,21:09,3834.7,13.1,12,DESPACHADO
MOV-00063,B-017,YANG-ESTE,,MUELLE-B,TRIGO,VALPARAISO,2024-04-28,9:45,2024-04-29,sin dato,5506.97,20.0,12,EN_REVISION
MOV-00064,B-029,PIL-SANTA,R-08,MUELLE-B,TRIGO,VALPARAISO,2021-05-05,7:03,2021-05-08,10:20 XM,6079.58,15.2,15,EN_REVISION
MOV-00065,B-004,COSCO-STAR,R-04,MUELLE-E,GRANOS,MONTEVIDEO,2024-09-08,12:50,2024-09-11,11:19 AM,5551.09,10.7,10,RECHAZADO
MOV-00066,B-022,HAPAG-RIO,,MUELLE-F,HARINA,MONTEVIDEO,2023-10-13,6:11,2023-10-15,06:59 PM,4821.74,6.7,15,DESPACHADO
MOV-00067,B-004,MAERSK-LIMA,R-08,MUELLE-C,MAIZ,ROTTERDAM,2022-01-22,19:14,2022-01-24,24:00:00,4372.56,8.0,12,EN_REVISION
MOV-00068,B-037,MAERSK-LIMA,,MUELLE-E,TRIGO,MONTEVIDEO,2023-10-25,6:45,2023-10-28,10:57 PM,4314.36,15.2,10,PENDIENTE
MOV-00069,B-004,COSCO-STAR,R-08,MUELLE-A,HARINA,ROTTERDAM,2023-08-15,13:23,2023-08-17,01:16 AM,5243.16,6.9,15,PENDIENTE
MOV-00070,B-035,MAERSK-PAMPAS,R-07,MUELLE-B,TRIGO,HAMBURG,2024-04-16,3:02,2024-04-18,21:28,5435.43,13.6,15,EN_REVISION
MOV-00071,B-015,PIL-OESTE,R-06,MUELLE-E,ACEITE,SAO PAULO,2021-03-28,13:19,2021-03-30,18:55,7492.52,5.9,15,EN_REVISION
MOV-00072,B-015,YANG-MING,R-03,MUELLE-D,GRANOS,ROTTERDAM,2021-06-06,6:21,2021-06-06,3:44,4397.33,11.4,10,RECHAZADO
MOV-00073,B-001,ONE-PARANA,R-04,MUELLE-F,SOJA,HAMBURG,2021-05-05,17:20,2021-05-07,02:20 PM,4372.87,7.6,12,PENDIENTE
MOV-00074,B-038,PIL-OESTE,,MUELLE-C,MAIZ,SAO PAULO,2022-10-19,17:41,2022-10-21,12:25 AM,5195.16,15.9,10,EN_REVISION
MOV-00075,B-004,MSC-GENOVA,R-07,MUELLE-B,TRIGO,BUENOS AIRES,32/13/2021,30:17:00,2020-05-06,06:05 PM,6422.25,12.2,12,PENDIENTE
MOV-00076,B-017,@#$%,R-05,MUELLE-D,SOJA,SHANGHAI,2021-04-07,9:43,2021-04-07,16:12,4133.71,12.6,15,RECHAZADO
MOV-00077,B-014,PIL-OESTE,R-08,MUELLE-C,GRANOS,BUENOS AIRES,2021-01-02,10:01,2021-01-03,10:53,6246.11,9.7,10,EN_REVISION
MOV-00078,B-004,MAERSK-LIMA,R-07,MUELLE-B,SOJA,SHANGHAI,2021-07-13,14:31,2021-07-14,10:10,6046.42,11.5,15,
MOV-00079,B-020,CMA-LITORAL,R-06,MUELLE-C,SOJA,MONTEVIDEO,2022-11-15,AB:CD,2022-11-15,22:39,5502.08,15.0,15,DESPACHADO
MOV-00080,B-010,COSCO-STAR,R-03,MUELLE-D,HARINA,ROTTERDAM,2021-05-20,23:40,2021-05-23,12:44,4522.23,12.1,12,EN_REVISION
MOV-00081,B-021,HAPAG-RIO,R-07,MUELLE-C,HARINA,HAMBURG,2022-01-17,3:59,2022-01-18,07:0 AM,4553.31,14.2,12,PENDIENTE
MOV-00082,B-028,COSCO-TIGRE,R-02,MUELLE-D,MINERALES,ROTTERDAM,2023-12-07,17:38,2023-12-08,3:29,2956.91,10.6,12,RECHAZADO
MOV-00083,B-015,CMA-LITORAL,R-06,MUELLE-D,MINERALES,MONTEVIDEO,2022-05-01,2:07,2022-05-02,10:25,6377.79,121.2,12,EN_REVISION
MOV-00084,B-036,HAPAG-RIO,R-06,MUELLE-E,CONTENEDORES,HAMBURG,04/08/2023,21:27,2023-08-07,9:51,5500.0,8.0,10,PENDIENTE
MOV-00085,B-032,ONE-PLATA,R-06,MUELLE-E,CONTENEDORES,ROTTERDAM,2020-12-19,21:45,2020-12-21,01:56 XM,3661.36,16.7,15,DESPACHADO
MOV-00086,B-011,HAPAG-SUR,R-05,muelle  b!!,MAIZ,SHANGHAI,2022-09-19,4:12,2022-09-21,10-41,3241.61,7.9,10,RECHAZADO
MOV-00087,B-036,ONE-PLATA,R-02,MUELLE-E,SOJA,VALPARAISO,2022-06-22,17:13,2022-06-25,08:32 AM,3052.13,10.7,15,EN_REVISION
MOV-00088,B-011,YANG-ESTE,R-03,MUELLE-B,TRIGO,SANTA FE,2021-10-24,22:18,2021-10-26,15:18,3415.63,11.2,10,EN_REVISION
MOV-00089,B-026,HAPAG-SUR,R-03,MUELLE-E,HARINA,ROTTERDAM,2022-04-05,16:47,2022-04-07,18:29,3376.24,13.3,10,RECHAZADO
MOV-00090,B-021,YANG-MING,R-06,MUELLE-E,MAIZ,HAMBURG,22/07/2020,20:50,2020-07-25,04:06 AM,6600.55,8.9,10,EN_REVISION
MOV-00091,B-011,EVER-GLORY,R-07,MUELLE-F,HARINA,SAO PAULO,2021-03-13,15:04,00/00/0000,7:29,3952.69,8.1,10,RECHAZADO
MOV-00092,B-009,CMA-ROSARIO,R-02,MUELLE-E,GRANOS,MONTEVIDEO,2020-11-06,13:39,2020-11-09,19:31,4506.73,13.7,15,RECHAZADO
MOV-00093,B-020,ONE-PARANA,,MUELLE-F,CONTENEDORES,VALPARAISO,2022-10-10,12:07,2022-10-11,19:40,5449.48,6.8,10,DESPACHADO
MOV-00094,B-003,EVER-GLORY,R-07,MUELLE-E,HARINA,ROTTERDAM,2023-01-06,19:09,2023-01-08,19:38,4851.58,10.8,15,RECHAZADO
MOV-00095,B-040,YANG-ESTE,R-01,muelle  c!!,MAIZ,BUENOS AIRES,2022-10-13,11:33,2022-10-16,03:03 PM,4512.15,7.5,10,DESPACHADO
MOV-00096,B-032,PIL-OESTE,R-03,MUELLE-C,MAIZ,VALPARAISO,2021-04-12,23:32,2021-04-13,10:40,6414.81,9.2,10,DESPACHADO
MOV-00097,B-024,MAERSK-LIMA,,MUELLE-B,TRIGO,SANTA FE,32/13/2021,9:20,2024-05-04,23:36,6218.43,13.4,12,RECHAZADO
MOV-00098,B-023,MSC-GENOVA,R-06,MUELLE-A,CONTENEDORES,VALPARAISO,2022-10-04,1:09,2022-10-05,10:10 PM,5952.49,20.2,12,DESPACHADO
MOV-00099,B-021,COSCO-TIGRE,R-06,MUELLE-C,MINERALES,VALPARAISO,2020-08-11,4:06,2020-08-12,23:09,5720.42,12.9,15,PENDIENTE
MOV-00100,B-023,COSCO-TIGRE,R-01,MUELLE-F,HARINA,VALPARAISO,2023-02-12,23:35,2023-02-14,11:05 PM,6198.39,12.6,12,PENDIENTE
MOV-00101,B-029,CMA-ROSARIO,R-02,muelle  c!!,SOJA,SANTA FE,09/08/2024,23:25,2024-08-12,21:51,7588.44,14.1,12,RECHAZADO
MOV-00102,B-013,ONE-PLATA,R-04,MUELLE-F,GRANOS,ROTTERDAM,32/13/2021,16:20,2023-03-06,07:52 PM,2924.29,12.7,12,EN_REVISION
MOV-00103,B-015,PIL-OESTE,R-07,MUELLE-C,MAIZ,MONTEVIDEO,2022-01-04,18:01,2022-01-06,14:47,3183.15,,15,PENDIENTE
MOV-00104,B-012,MSC-ALPHA,R-01,MUELLE-A,MAIZ,MONTEVIDEO,2022-02-04,22:42,2022-02-07,12:27,6357.43,7.1,10,DESPACHADO
MOV-00105,B-019,CMA-ROSARIO,R-03,MUELLE-F,GRANOS,ROTTERDAM,2021-03-28,20:36,2021-03-29,11:55 PM,5434.73,14.4,15,DESPACHADO
MOV-00106,B-001,ever glory!!,R-07,muelle  d!!,CONTENEDORES,MONTEVIDEO,2022-02-07,3:53,2022-02-09,07:49 AM,3830.31,12.1,15,RECHAZADO
MOV-00107,B-022,YANG-ESTE,R-08,MUELLE-F,GRANOS,ROTTERDAM,2020-07-26,10:13,2020-07-27,7:39,3999.58,90.5,10,PENDIENTE
MOV-00108,B-019,COSCO-STAR,R-08,MUELLE-A,HARINA,ROTTERDAM,2023-08-07,17:24,2023-08-08,17:21,3238.98,12.3,10,RECHAZADO
MOV-00109,B-025,ONE-PLATA,R-07,MUELLE-E,MINERALES,SAO PAULO,2020-03-12,16:36,2020-03-15,11:01 PM,4636.62,14.9,15,RECHAZADO
MOV-00110,B-005,COSCO-STAR,R-07,MUELLE-E,CONTENEDORES,SHANGHAI,2024-05-29,22:39,2024-06-01,22:57,2342.09,11.2,10,EN_REVISION
MOV-00111,B-012,PIL-SANTA,R-07,MUELLE-B,CONTENEDORES,SANTA FE,32/13/2021,23:30,2020-04-12,15:42,5827.96,10.3,10,RECHAZADO
MOV-00112,B-014,MAERSK-PAMPAS,R-08,MUELLE-E,ACEITE,SANTA FE,2020-10-04,16:56,2020-10-04,1:16,6728.89,13.9,12,PENDIENTE
MOV-00113,B-031,PIL-OESTE,R-06,muelle  c!!,MAIZ,VALPARAISO,2024-10-14,AB:CD,2024-10-16,null,,14.9,10,DESPACHADO
MOV-00114,B-018,MAERSK-PAMPAS,R-07,MUELLE-C,MINERALES,VALPARAISO,2022-03-24,18:06,2022-03-24,N/A,3234.8,12.9,15,PENDIENTE
MOV-00115,B-016,EVER-GLORY,R-07,MUELLE-F,ACEITE,MONTEVIDEO,2022-05-07,12:24,2022-05-07,06:58 AM,2676.17,3.4,12,DESPACHADO
MOV-00116,B-036,HAPAG-RIO,R-06,MUELLE-F,SOJA,SAO PAULO,2024-06-02,10:23,2024-06-03,03:40 AM,5405.43,18.0,12,EN_REVISION
MOV-00117,B-037,,R-03,MUELLE-C,MAIZ,BUENOS AIRES,2023-07-23,1:00,2023-07-25,03:18 PM,,19.7,12,RECHAZADO
MOV-00118,B-034,ONE-PARANA,R-01,MUELLE-F,GRANOS,SAO PAULO,2020-07-29,12:32,2020-07-31,10:0,4616.91,9.4,10,PENDIENTE
MOV-00119,B-009,ONE-PARANA,R-01,MUELLE-E,MAIZ,BUENOS AIRES,2024-11-30,20:16,2024-12-03,10:44,4485.43,,12,EN_REVISION
MOV-00120,B-040,YANG-ESTE,R-03,MUELLE-D,SOJA,BUENOS AIRES,2023-06-01,6:49,2023-06-02,17:58,-4563.89,12.9,10,EN_REVISION
MOV-00121,B-007,PIL-SANTA,R-04,MUELLE-D,HARINA,VALPARAISO,2024-10-11,26:42:00,2024-10-13,N/A,7090.14,13.7,10,RECHAZADO
MOV-00122,B-025,HAPAG-SUR,R-07,MUELLE-F,MAIZ,BUENOS AIRES,2020-07-31,AB:CD,2020-08-03,N/A,4861.57,,10,PENDIENTE
MOV-00123,B-034,PIL-OESTE,R-04,MUELLE-F,ACEITE,BUENOS AIRES,2023-09-21,26:32:00,2023-09-24,11:51,4522.16,10.1,12,RECHAZADO
MOV-00124,B-016,COSCO-STAR,R-08,MUELLE-D,MINERALES,BUENOS AIRES,32/13/2021,20:01,2024-03-07,08:10 PM,4429.79,12.5,12,RECHAZADO
MOV-00125,B-039,HAPAG-SUR,R-06,MUELLE-F,MINERALES,BUENOS AIRES,2021-12-28,20:51,2021-12-30,19:59,5049.73,9.9,12,DESPACHADO
MOV-00126,B-003,PIL-OESTE,R-02,MUELLE-D,MINERALES,MONTEVIDEO,2022-06-05,18:30,2022-06-08,0:51,6958.34,12.1,15,RECHAZADO
MOV-00127,B-009,CMA-ROSARIO,R-07,MUELLE-E,HARINA,SHANGHAI,2023-11-07,11:58,2023-11-08,05:32 AM,5509.85,16.0,12,PENDIENTE
MOV-00128,B-034,MAERSK-LIMA,R-01,MUELLE-D,MAIZ,SANTA FE,2021-08-09,21:16,2021-08-10,12:04,5618.79,16.8,10,DESPACHADO
MOV-00129,B-025,COSCO-TIGRE,R-07,MUELLE-F,ACEITE,SANTA FE,2024-08-26,7:58,2024-08-28,03:14 AM,4967.85,10.0,12,DESPACHADO
MOV-00130,B-022,CMA-LITORAL,R-03,MUELLE-A,MAIZ,SHANGHAI,2021-09-08,15:50,2021-09-10,21:22,5249.07,7.8,15,DESPACHADO
MOV-00131,B-036,MSC-GENOVA,R-02,MUELLE-F,ACEITE,HAMBURG,2021-05-14,AB:CD,2021-05-15,3:54,6365.94,9.7,15,PENDIENTE
MOV-00132,B-035,ZIM-NORTE,R-01,MUELLE-F,SOJA,SAO PAULO,2021-02-25,17:53,2021-02-28,6:17,5833.54,9.6,10,
MOV-00133,B-008,ZIM-NORTE,R-01,MUELLE-F,SOJA,SANTA FE,2024-05-30,21:19,2024-05-31,04:04 AM,4111.59,14.8,12,DESPACHADO
MOV-00134,B-001,ZIM-NORTE,R-03,MUELLE-A,GRANOS,SANTA FE,2021-03-06,23:47,2021-03-08,1:46,2170.48,10.3,12,RECHAZADO
MOV-00135,B-017,MAERSK-LIMA,R-04,MUELLE-F,MINERALES,SHANGHAI,2021-08-06,19:04,2021-08-07,9:40,74617.51,15.2,10,EN_REVISION
MOV-00136,B-031,CMA-LITORAL,R-08,MUELLE-C,HARINA,HAMBURG,2024-10-24,4:57,2024-10-27,11:29,5737.11,15.7,12,DESPACHADO
MOV-00137,B-026,ZIM-DELTA,R-05,MUELLE-B,MINERALES,BUENOS AIRES,2024-10-02,19:43,2024-10-03,18:48,4885.13,12.3,10,RECHAZADO
MOV-00138,B-025,HAPAG-SUR,R-08,MUELLE-A,GRANOS,SHANGHAI,2024-09-05,23:16,2024-09-07,2:44,4582.49,,12,DESPACHADO
MOV-00139,B-033,pil santa!!,R-04,muelle  b!!,MAIZ,MONTEVIDEO,2021-04-16,13:51,2021-04-18,16:36,,8.7,15,EN_REVISION
MOV-00140,B-026,YANG-ESTE,R-01,MUELLE-F,HARINA,BUENOS AIRES,2020-12-15,7:53,2020-12-17,80:31:00,1422.1,15.0,12,PENDIENTE
MOV-00141,B-010,YANG-ESTE,R-02,MUELLE-B,MINERALES,SANTA FE,2023-01-09,0:57,2023-01-11,11:48,6467.82,14.4,15,DESPACHADO
MOV-00142,B-019,YANG-ESTE,R-07,MUELLE-C,TRIGO,SANTA FE,2022-02-07,20:13,2022-02-09,12:13 AM,4469.82,11.3,10,DESPACHADO
MOV-00143,B-037,EVERGREEN-02,R-07,MUELLE-F,MAIZ,BUENOS AIRES,2020-07-24,6:32,2020-07-26,9:21,3243.42,13.5,10,PENDIENTE
MOV-00144,B-026,yang este!!,R-05,MUELLE-F,GRANOS,MONTEVIDEO,04/07/2024,16:18,2024-07-05,01:31 PM,65744.48,12.8,15,RECHAZADO
MOV-00145,B-005,COSCO-STAR,R-05,MUELLE-F,ACEITE,SHANGHAI,2022-04-07,18:00,2022-04-09,0:09,5457.35,19.6,12,EN_REVISION
MOV-00146,B-030,PIL-OESTE,R-01,MUELLE-D,SOJA,VALPARAISO,2023-10-18,22:14,2023-10-20,4:19,3433.59,15.6,10,DESPACHADO
MOV-00147,B-013,HAPAG-SUR,R-04,MUELLE-B,TRIGO,VALPARAISO,2021-12-30,29:02:00,2021-12-30,10:55 AM,5296.73,17.6,15,PENDIENTE
MOV-00148,B-037,CMA-ROSARIO,R-01,MUELLE-E,CONTENEDORES,HAMBURG,2024-05-08,5:29,00/00/0000,2:28 PM,3799.66,12.0,15,DESPACHADO
MOV-00149,B-024,evergreen 02!!,R-07,MUELLE-C,MINERALES,MONTEVIDEO,2024-01-16,8:51,2024-01-17,17:47,6811.06,11.4,10,PENDIENTE
MOV-00150,B-004,COSCO-TIGRE,R-02,MUELLE-F,MAIZ,SANTA FE,2020-07-16,14:47,2020-07-18,23:33,5532.93,8.9,15,PENDIENTE
MOV-00151,B-029,COSCO-STAR,R-07,MUELLE-E,HARINA,HAMBURG,2022-05-13,20:39,2022-05-16,16:51,6161.38,8.8,12,
MOV-00152,B-016,PIL-SANTA,R-02,MUELLE-B,MAIZ,ROTTERDAM,2023-01-28,1:01,2023-01-30,18:28,7326.88,,12,DESPACHADO
MOV-00153,B-030,ZIM-NORTE,R-05,MUELLE-E,MINERALES,MONTEVIDEO,2023-07-26,18:27,2023-07-29,12:11 PM,102331.62,10.2,15,PENDIENTE
MOV-00154,B-031,YANG-MING,R-01,MUELLE-D,HARINA,SAO PAULO,2022-06-14,12:15,2022-06-15,23:25,4259.56,11.4,15,DESPACHADO
MOV-00155,B-008,CMA-LITORAL,R-08,MUELLE-C,MINERALES,SAO PAULO,2020-02-15,5:06,2020-02-16,5:37 AM,5380.06,12.1,15,EN_REVISION
MOV-00156,B-005,ZIM-NORTE,R-08,MUELLE-B,TRIGO,VALPARAISO,2021-05-24,12:49,2021-05-27,22:09,5288.94,10.7,15,RECHAZADO
MOV-00157,B-024,EVER-GLORY,R-04,MUELLE-A,TRIGO,ROTTERDAM,02/09/2020,12:50,2020-09-03,12:22,7124.81,12.5,15,EN_REVISION
MOV-00158,B-007,CMA-ROSARIO,R-08,MUELLE-B,ACEITE,SHANGHAI,2022-01-03,23:08,2022-01-05,04:31 AM,4973.71,11.4,12,RECHAZADO
MOV-00159,B-024,CMA-LITORAL,R-01,MUELLE-F,CONTENEDORES,MONTEVIDEO,2021-05-04,10:46,2021-05-04,21:19,4166.36,10.0,15,DESPACHADO
MOV-00160,B-007,EVER-GLORY,R-07,MUELLE-F,MINERALES,VALPARAISO,2020-01-27,6:41,2020-01-30,5:06,3906.55,15.0,10,DESPACHADO
MOV-00161,B-007,ZIM-DELTA,R-07,MUELLE-B,TRIGO,SAO PAULO,2020-08-04,20:36,2020-08-06,02:02 PM,3568.46,10.6,15,PENDIENTE
MOV-00162,B-021,,R-04,MUELLE-E,TRIGO,ROTTERDAM,2020-01-01,23:02,2020-01-03,15:07,4160.48,14.5,12,EN_REVISION
MOV-00163,B-009,PIL-SANTA,R-06,MUELLE-E,TRIGO,SAO PAULO,2023-03-11,6:46,2023-03-11,10:00,5197.28,10.8,12,EN_REVISION
MOV-00164,B-008,ZIM-DELTA,R-01,MUELLE-F,CONTENEDORES,SANTA FE,2020-11-02,10:32,2020-11-03,9:47,3959.8,11.6,15,EN_REVISION
MOV-00165,B-009,CMA-ROSARIO,R-08,MUELLE-E,TRIGO,HAMBURG,2024-02-15,16:15,2024-02-17,12:58 AM,4543.07,10.4,15,RECHAZADO
MOV-00166,B-003,ZIM-DELTA,R-04,MUELLE-F,ACEITE,MONTEVIDEO,2020-10-29,9:00,2020-10-31,01:30 PM,5305.81,,15,DESPACHADO
MOV-00167,B-011,,R-05,MUELLE-B,HARINA,SANTA FE,32/13/2021,8:42,2023-09-16,01:49 PM,4912.54,11.7,12,RECHAZADO
MOV-00168,B-034,YANG-MING,R-06,MUELLE-D,CONTENEDORES,MONTEVIDEO,2021-09-11,AB:CD,2021-09-12,02:11 AM,4361.49,14.3,15,DESPACHADO
MOV-00169,B-016,PIL-OESTE,R-03,MUELLE-D,HARINA,SHANGHAI,2023-04-04,17:43,2023-04-05,04:11 AM,4211.84,11.5,10,RECHAZADO
MOV-00170,B-021,MAERSK-PAMPAS,R-07,MUELLE-C,MINERALES,VALPARAISO,2020-02-23,25:44:00,2020-02-25,06:20 PM,5103.71,10.6,10,PENDIENTE
MOV-00171,B-001,PIL-SANTA,R-07,MUELLE-B,TRIGO,SAO PAULO,2024-11-10,19:31,2024-11-12,19:48,6320.45,,12,DESPACHADO
MOV-00172,B-016,ONE-PLATA,R-07,MUELLE-F,GRANOS,ROTTERDAM,2024-05-03,9:29,2024-05-04,09:32 PM,5476.51,15.0,12,DESPACHADO
MOV-00173,B-013,CMA-LITORAL,R-02,MUELLE-C,ACEITE,MONTEVIDEO,2022-01-13,2:33,2022-01-15,8:01,6578.29,14.5,15,DESPACHADO
MOV-00174,B-019,HAPAG-RIO,,MUELLE-B,TRIGO,SANTA FE,2023-01-18,0:38,2023-01-20,01:24 AM,6403.92,12.3,12,EN_REVISION
MOV-00175,B-039,YANG-MING,R-06,MUELLE-A,GRANOS,BUENOS AIRES,2023-06-05,21:44,2023-06-06,11:14 PM,5711.29,11.9,12,RECHAZADO
MOV-00176,B-014,YANG-ESTE,R-01,MUELLE-A,SOJA,HAMBURG,2022-12-12,18:39,2022-12-14,null,2911.86,14.6,12,EN_REVISION
MOV-00177,B-003,MSC-ALPHA,R-06,MUELLE-E,TRIGO,SANTA FE,2021-09-22,9:32,2021-09-24,9:41,,9.9,10,PENDIENTE
MOV-00178,B-022,CMA-LITORAL,R-07,MUELLE-F,GRANOS,VALPARAISO,2023-11-04,10:51,2023-11-06,04:53 AM,4780.6,11.8,15,EN_REVISION
MOV-00179,B-024,CMA-LITORAL,,MUELLE-B,HARINA,MONTEVIDEO,2020-07-08,14:32,2020-07-08,23:40,4766.89,12.6,10,DESPACHADO
MOV-00180,B-008,MSC-GENOVA,R-05,MUELLE-A,SOJA,SHANGHAI,2024-03-06,9:01,2024-03-08,7:55,5429.51,11.1,15,RECHAZADO
MOV-00181,B-019,PIL-OESTE,R-04,MUELLE-B,SOJA,VALPARAISO,2022-08-22,21:03,2022-08-23,1:25,4625.31,11.8,10,EN_REVISION
MOV-00182,B-006,CMA-LITORAL,R-02,MUELLE-D,HARINA,HAMBURG,2021-06-12,11:25,2021-06-13,19:00,5098.03,14.1,15,RECHAZADO
MOV-00183,B-005,YANG-MING,R-08,MUELLE-D,CONTENEDORES,SAO PAULO,2020-05-15,10:13,2020-05-17,11:39 AM,1905.72,9.6,12,PENDIENTE
MOV-00184,B-007,YANG-ESTE,R-07,MUELLE-C,MINERALES,SANTA FE,2024-03-26,20:51,2024-03-27,22:04,5132.64,13.6,15,DESPACHADO
MOV-00185,B-040,ONE-PLATA,R-07,MUELLE-B,HARINA,SANTA FE,2023-12-11,17:52,13-12-2023,03:17 AM,7558.47,7.4,10,EN_REVISION
MOV-00186,B-019,CMA-ROSARIO,R-03,MUELLE-A,SOJA,SANTA FE,2020-10-05,2:08,2020-10-07,11:22,4751.78,139.8,12,PENDIENTE
MOV-00187,B-003,EVER-GLORY,R-08,MUELLE-F,ACEITE,BUENOS AIRES,2024-02-06,16:54,2024-02-08,4:29 AM,5476.14,11.7,15,RECHAZADO
MOV-00188,B-022,maersk pampas!!,R-06,MUELLE-C,HARINA,MONTEVIDEO,2024-01-28,18:16,2024-01-29,46:21:00,4451.99,8.2,12,DESPACHADO
MOV-00189,B-039,HAPAG-RIO,R-03,MUELLE-F,MINERALES,SHANGHAI,2021-01-05,16:55,2021-01-06,06:13 AM,4868.31,16.6,12,PENDIENTE
MOV-00190,B-011,CMA-LITORAL,R-07,MUELLE-D,HARINA,HAMBURG,21/06/2021,4:33,2021-06-23,7:52,3633.6,15.2,12,PENDIENTE
MOV-00191,B-038,COSCO-TIGRE,R-08,muelle  f!!,TRIGO,SAO PAULO,32/13/2021,0:43,2023-01-26,10:52,3336.38,3.5,12,EN_REVISION
MOV-00192,B-039,CMA-ROSARIO,R-07,MUELLE-F,MAIZ,BUENOS AIRES,2023-08-01,14:59,2023-08-03,22:58,4971.79,15.4,10,PENDIENTE
MOV-00193,B-032,MAERSK-LIMA,R-03,MUELLE-E,CONTENEDORES,SAO PAULO,32/13/2021,25:42:00,2020-03-13,21:14,-1532.73,9.5,10,DESPACHADO
MOV-00194,B-015,MSC-GENOVA,R-07,MUELLE-F,MINERALES,BUENOS AIRES,2023-07-18,20:05,2023-07-20,24:00:00,4489.78,14.2,10,EN_REVISION
MOV-00195,B-009,EVER-GLORY,R-04,MUELLE-A,TRIGO,HAMBURG,32/13/2021,17:53,2022-10-23,05:46 PM,6380.91,13.4,12,RECHAZADO
MOV-00196,B-002,HAPAG-SUR,R-01,MUELLE-B,MAIZ,SANTA FE,2022-07-23,19:10,2022-07-24,31:08:00,3250.96,7.2,10,PENDIENTE
MOV-00197,B-038,hapag rio!!,R-06,MUELLE-A,SOJA,VALPARAISO,2023-02-07,5:28,2023-02-08,9:37 AM,67941.29,10.2,12,PENDIENTE
MOV-00198,B-009,ONE-PARANA,R-03,MUELLE-F,HARINA,HAMBURG,2020-03-18,19:11,2020-03-21,5:37,5050.15,13.9,15,RECHAZADO
MOV-00199,B-008,CMA-ROSARIO,R-08,MUELLE-D,MAIZ,MONTEVIDEO,2022-06-09,8:21,2022-06-11,04:05 AM,6076.86,13.0,10,DESPACHADO
MOV-00200,B-027,one parana!!,R-07,MUELLE-B,SOJA,HAMBURG,2023-06-02,14:11,2023-06-04,17:01,6209.9,13.1,10,RECHAZADO
MOV-00201,B-040,HAPAG-RIO,R-04,muelle  a!!,CONTENEDORES,HAMBURG,2020-01-30,23:27,2020-02-01,1:35,3082.43,8.9,12,PENDIENTE
MOV-00202,B-032,ZIM-DELTA,R-02,MUELLE-E,GRANOS,ROTTERDAM,2020-07-04,0:30,2020-07-05,04:04 AM,,13.9,15,PENDIENTE
MOV-00203,B-019,MAERSK-PAMPAS,R-05,MUELLE-F,TRIGO,BUENOS AIRES,2022-01-15,1:07,2022-01-17,09:21 PM,4964.0,11.0,15,EN_REVISION
MOV-00204,B-015,MSC-ALPHA,R-06,MUELLE-C,CONTENEDORES,VALPARAISO,2022-10-23,16:53,2022-10-24,7:46 PM,6017.96,13.1,12,DESPACHADO
MOV-00205,B-011,PIL-SANTA,R-02,MUELLE-F,MAIZ,HAMBURG,2020-02-16,AB:CD,2020-02-17,23:28,6029.02,9.4,15,PENDIENTE
MOV-00206,B-030,YANG-MING,R-03,MUELLE-C,MAIZ,VALPARAISO,2020-10-30,11:18,2020-11-02,7:21,1826.69,12.8,10,PENDIENTE
MOV-00207,B-021,EVERGREEN-02,R-03,MUELLE-C,MINERALES,MONTEVIDEO,2024-04-22,4:29,2024-04-24,13:23,5194.81,12.5,12,EN_REVISION
MOV-00208,B-003,CMA-ROSARIO,R-02,MUELLE-C,GRANOS,ROTTERDAM,2023-05-30,20:12,2023-06-02,01:21 PM,4501.51,12.4,10,PENDIENTE
MOV-00209,B-024,COSCO-TIGRE,R-06,MUELLE-A,HARINA,SHANGHAI,2020-06-28,6:46,2020-06-30,06:00 AM,4534.82,15.0,15,EN_REVISION
MOV-00210,B-025,COSCO-STAR,R-01,MUELLE-D,HARINA,ROTTERDAM,2021-02-12,5:53,2021-02-14,06:42 PM,3226.17,10.4,10,PENDIENTE
MOV-00211,B-016,MSC-GENOVA,,MUELLE-C,MINERALES,BUENOS AIRES,2023-07-10,21:30,11-07-2023,8:15,3647.14,10.1,12,EN_REVISION
MOV-00212,B-005,ONE-PLATA,R-04,MUELLE-F,MAIZ,BUENOS AIRES,2024-06-26,9:17,00/00/0000,03:46 AM,2656.02,10.3,15,PENDIENTE
MOV-00213,B-035,ZIM-NORTE,R-02,MUELLE-D,MINERALES,BUENOS AIRES,2021-12-14,9:44,2021-12-16,01:29 AM,6140.31,5.8,12,DESPACHADO
MOV-00214,B-008,COSCO-STAR,R-01,MUELLE-D,CONTENEDORES,SANTA FE,2023-04-29,1:30,00/00/0000,02:56 AM,6659.65,15.3,15,PENDIENTE
MOV-00215,B-040,ZIM-DELTA,R-02,MUELLE-A,GRANOS,SAO PAULO,2020-01-09,23:06,2020-01-11,12:07 PM,5718.25,11.6,15,PENDIENTE
MOV-00216,B-024,YANG-MING,R-01,MUELLE-A,ACEITE,HAMBURG,2021-09-30,21:53,2021-10-03,3:08,117415.89,14.2,15,DESPACHADO
MOV-00217,B-038,MAERSK-LIMA,R-03,MUELLE-A,ACEITE,SAO PAULO,2020-09-08,7:53,2020-09-10,11:43,5711.2,17.5,12,EN_REVISION
MOV-00218,B-009,MSC-GENOVA,R-02,MUELLE-F,GRANOS,BUENOS AIRES,2023-05-23,21:20,2023-05-24,null,3598.74,,12,RECHAZADO
MOV-00219,B-008,COSCO-TIGRE,R-08,MUELLE-C,CONTENEDORES,HAMBURG,2024-10-28,9:56,2024-10-29,6:23,5729.66,12.4,15,RECHAZADO
MOV-00220,B-019,MSC-ALPHA,R-01,MUELLE-A,GRANOS,MONTEVIDEO,2024-04-16,20:21,2024-04-19,18:15 XM,,16.0,10,EN_REVISION
MOV-00221,B-027,PIL-SANTA,R-01,MUELLE-F,MINERALES,SANTA FE,2020-07-19,15:06,2020-07-20,____,4141.51,,15,EN_REVISION
MOV-00222,B-006,PIL-OESTE,R-02,MUELLE-E,ACEITE,VALPARAISO,2021-03-05,11:50,2021-03-06,10:44,3649.96,164.4,12,DESPACHADO
MOV-00223,B-030,PIL-SANTA,R-07,MUELLE-E,GRANOS,SAO PAULO,2023-11-04,9:54,2023-11-06,1:43 PM,,12.5,15,EN_REVISION
MOV-00224,B-028,EVER-GLORY,R-04,MUELLE-B,HARINA,MONTEVIDEO,2023-02-01,5:41,01-02-2023,14:22,4885.84,17.4,15,DESPACHADO
MOV-00225,B-033,MAERSK-LIMA,R-05,MUELLE-D,SOJA,SAO PAULO,2024-02-18,12:51,2024-02-19,17:26,5151.1,9.4,15,DESPACHADO
MOV-00226,B-031,EVERGREEN-02,R-05,MUELLE-A,GRANOS,SANTA FE,2023-12-05,11:57,00/00/0000,29:27:00,4977.84,15.0,15,PENDIENTE
MOV-00227,B-003,pil santa!!,R-02,MUELLE-D,MINERALES,ROTTERDAM,2024-08-15,5:44,2024-08-16,09:12 AM,4500.33,6.0,10,EN_REVISION
MOV-00228,B-011,ZIM-DELTA,R-03,MUELLE-E,CONTENEDORES,SHANGHAI,2020-12-21,21:37,2020-12-23,05:6 AM,3061.88,12.7,12,RECHAZADO
MOV-00229,B-026,YANG-ESTE,R-07,MUELLE-E,HARINA,MONTEVIDEO,2020-08-28,0:45,2020-08-30,6:24,5707.51,11.5,15,DESPACHADO
MOV-00230,B-027,HAPAG-RIO,R-07,MUELLE-B,GRANOS,VALPARAISO,2022-01-27,18:43,2022-01-30,23:49,5119.68,15.3,10,EN_REVISION
MOV-00231,B-039,EVER-GLORY,R-01,MUELLE-C,CONTENEDORES,VALPARAISO,2020-03-25,18:11,2020-03-27,11:54,4696.55,10.6,15,RECHAZADO
MOV-00232,B-017,ONE-PLATA,R-06,MUELLE-D,MAIZ,SHANGHAI,2023-07-27,14:03,28-07-2023,3:11,5058.98,10.3,15,RECHAZADO
MOV-00233,B-006,ONE-PARANA,R-05,MUELLE-B,MAIZ,VALPARAISO,2024-04-19,18:11,2024-04-22,05:07 AM,,8.0,15,PENDIENTE
MOV-00234,B-018,YANG-ESTE,R-01,MUELLE-C,GRANOS,HAMBURG,2020-09-21,6:55,2020-09-21,11:00,9715.46,105.0,15,EN_REVISION
MOV-00235,B-020,HAPAG-SUR,R-07,muelle  f!!,HARINA,MONTEVIDEO,2021-02-13,15:28,2021-02-15,18:05,3852.51,7.1,15,EN_REVISION
MOV-00236,B-019,CMA-LITORAL,R-07,MUELLE-A,MINERALES,VALPARAISO,2024-09-19,7:33,2024-09-21,10:20,6813.28,11.5,12,PENDIENTE
MOV-00237,B-026,@#$%,R-02,MUELLE-D,HARINA,SHANGHAI,2021-11-30,AB:CD,2021-12-01,08:30 AM,5060.61,8.7,12,RECHAZADO
MOV-00238,B-026,YANG-MING,R-02,MUELLE-B,MAIZ,SANTA FE,2024-10-25,0:13,2024-10-27,23:34,5163.81,12.3,10,PENDIENTE
MOV-00239,B-013,YANG-MING,R-07,MUELLE-A,ACEITE,SANTA FE,03/10/2024,15:47,2024-10-05,15:02,3705.46,8.5,12,DESPACHADO
MOV-00240,B-040,EVERGREEN-02,R-08,MUELLE-F,CONTENEDORES,SANTA FE,2022-06-16,7:32,2022-06-17,22:06,4814.52,13.9,12,PENDIENTE
MOV-00241,B-006,HAPAG-SUR,R-03,MUELLE-B,TRIGO,MONTEVIDEO,2021-09-13,7:13,2021-09-13,09:47 XM,6002.7,13.8,12,RECHAZADO
MOV-00242,B-036,PIL-SANTA,R-03,MUELLE-F,SOJA,SANTA FE,2020-08-04,19:39,2020-08-05,19:27,5932.18,4.7,10,RECHAZADO
MOV-00243,B-027,MSC-GENOVA,R-04,MUELLE-D,ACEITE,VALPARAISO,2022-01-08,20:42,2022-01-10,20:46,,97.5,12,PENDIENTE
MOV-00244,B-011,maersk pampas!!,R-01,MUELLE-D,GRANOS,MONTEVIDEO,2024-11-28,16:18,2024-12-01,06:50 PM,8324.78,10.8,15,DESPACHADO
MOV-00245,B-023,COSCO-TIGRE,R-04,MUELLE-C,SOJA,SANTA FE,2022-12-01,AB:CD,2022-12-03,17:16,3527.05,15.0,10,EN_REVISION
MOV-00246,B-004,MAERSK-LIMA,R-08,MUELLE-C,GRANOS,HAMBURG,2023-03-04,22:57,2023-03-07,null,7158.69,11.4,15,EN_REVISION
MOV-00247,B-006,EVER-GLORY,R-07,MUELLE-B,MINERALES,SAO PAULO,2023-04-19,17:33,2023-04-21,0:01,6590.95,14.1,12,RECHAZADO
MOV-00248,B-003,HAPAG-RIO,R-06,MUELLE-A,CONTENEDORES,BUENOS AIRES,2020-11-09,3:23,2020-11-10,8:20 PM,4322.59,13.8,15,DESPACHADO
MOV-00249,B-037,CMA-LITORAL,R-06,MUELLE-D,MINERALES,MONTEVIDEO,2023-09-28,14:09,2023-09-30,06:39 AM,,11.9,12,PENDIENTE
MOV-00250,B-036,COSCO-STAR,R-04,muelle  e!!,GRANOS,SAO PAULO,2022-12-25,5:01,2022-12-26,1:14,4767.09,12.0,15,RECHAZADO
MOV-00251,B-007,ZIM-NORTE,R-03,MUELLE-C,MAIZ,MONTEVIDEO,2023-10-21,5:03,2023-10-23,17:43,5079.71,10.3,12,EN_REVISION
MOV-00252,B-021,CMA-LITORAL,R-07,MUELLE-A,MINERALES,SANTA FE,2021-07-05,17:37,2021-07-06,8:25 PM,3225.04,7.1,10,
MOV-00253,B-030,YANG-ESTE,R-05,MUELLE-F,MAIZ,SANTA FE,2021-05-28,21:24,2021-05-30,12:38,6258.33,10.6,15,DESPACHADO
MOV-00254,B-022,PIL-SANTA,R-08,MUELLE-C,TRIGO,SHANGHAI,32/13/2021,22:08,03-02-2020,19:49,5742.74,19.4,12,EN_REVISION
MOV-00255,B-025,YANG-ESTE,,MUELLE-D,MAIZ,SANTA FE,2020-01-20,7:47,2020-01-20,08:45 AM,2261.35,13.6,12,DESPACHADO
MOV-00256,B-008,PIL-SANTA,R-08,MUELLE-B,TRIGO,MONTEVIDEO,2021-06-15,30:43:00,2021-06-17,9:19,3310.51,9.4,10,DESPACHADO
MOV-00257,B-018,MAERSK-LIMA,R-08,MUELLE-D,ACEITE,SANTA FE,2022-07-08,10:00,2022-07-10,8:37,7570.29,14.0,15,PENDIENTE
MOV-00258,B-022,PIL-SANTA,R-04,MUELLE-A,MINERALES,SAO PAULO,2024-06-14,7:04,2024-06-16,05:20 AM,6104.19,7.2,15,EN_REVISION
MOV-00259,B-019,COSCO-TIGRE,R-07,MUELLE-A,CONTENEDORES,SAO PAULO,2024-12-07,19:39,2024-12-08,12:41,3716.45,13.0,12,DESPACHADO
MOV-00260,B-016,CMA-ROSARIO,R-01,MUELLE-A,MAIZ,VALPARAISO,2021-09-29,29:42:00,2021-09-30,11:24 AM,3263.07,11.6,12,RECHAZADO
MOV-00261,B-031,CMA-LITORAL,R-06,MUELLE-E,ACEITE,VALPARAISO,2022-10-12,7:58,2022-10-12,17:47,4732.21,81.2,10,RECHAZADO
MOV-00262,B-024,EVER-GLORY,R-01,MUELLE-B,TRIGO,VALPARAISO,2021-11-26,17:15,2021-11-27,6:07,5181.36,14.3,10,PENDIENTE
MOV-00263,B-028,COSCO-STAR,R-02,MUELLE-B,MAIZ,SAO PAULO,2023-05-12,13:40,2023-05-14,05:47 PM,3190.89,11.1,12,PENDIENTE
MOV-00264,B-011,ONE-PLATA,R-07,MUELLE-F,ACEITE,HAMBURG,2023-11-23,15:45,2023-11-26,18:11,5817.49,16.3,15,RECHAZADO
MOV-00265,B-019,CMA-LITORAL,R-06,MUELLE-B,GRANOS,HAMBURG,2022-01-22,15:20,2022-01-24,7:13,3795.35,,12,EN_REVISION
MOV-00266,B-020,PIL-SANTA,R-04,MUELLE-F,MAIZ,VALPARAISO,2024-05-22,12:25,2024-05-22,11:54 AM,5122.85,9.6,12,DESPACHADO
MOV-00267,B-027,@#$%,R-08,MUELLE-D,GRANOS,SHANGHAI,2020-01-20,15:51,2020-01-22,06:57 AM,4444.15,11.3,15,PENDIENTE
MOV-00268,B-025,ONE-PARANA,R-07,MUELLE-A,CONTENEDORES,SAO PAULO,2023-08-01,9:05,02-08-2023,2:32,6208.92,14.5,12,RECHAZADO
MOV-00269,B-027,COSCO-TIGRE,R-03,MUELLE-A,MAIZ,ROTTERDAM,2020-09-23,6:19,2020-09-25,3:3 PM,4948.7,9.0,10,RECHAZADO
MOV-00270,B-030,PIL-OESTE,R-01,MUELLE-F,SOJA,VALPARAISO,2022-03-11,19:52,2022-03-12,22:17,3681.56,16.7,12,RECHAZADO
MOV-00271,B-014,HAPAG-SUR,R-07,MUELLE-E,SOJA,SHANGHAI,2022-04-19,14:10,21-04-2022,3:40,5048.21,8.4,12,DESPACHADO
MOV-00272,B-006,ZIM-NORTE,R-04,MUELLE-F,MINERALES,MONTEVIDEO,2024-09-13,AB:CD,2024-09-13,0:08,5986.37,,10,RECHAZADO
MOV-00273,B-007,COSCO-TIGRE,R-05,MUELLE-D,GRANOS,SANTA FE,06/02/2022,26:43:00,06-02-2022,19:51,5287.5,6.9,10,DESPACHADO
MOV-00274,B-013,YANG-ESTE,R-04,MUELLE-E,CONTENEDORES,ROTTERDAM,21/12/2020,0:25,2020-12-22,04:30 PM,5062.63,13.4,12,DESPACHADO
MOV-00275,B-017,MAERSK-LIMA,R-06,MUELLE-F,CONTENEDORES,MONTEVIDEO,2021-10-13,21:30,2021-10-14,08:24 AM,5918.93,16.5,15,EN_REVISION
MOV-00276,B-019,ONE-PARANA,R-03,MUELLE-D,TRIGO,SANTA FE,2024-02-22,10:08,24-02-2024,04:47 AM,6436.2,10.1,12,PENDIENTE
MOV-00277,B-015,YANG-ESTE,R-07,MUELLE-E,ACEITE,MONTEVIDEO,2020-05-23,6:03,2020-05-24,08:12 AM,4699.31,11.2,12,RECHAZADO
MOV-00278,B-031,COSCO-STAR,R-06,MUELLE-D,CONTENEDORES,MONTEVIDEO,06/06/2022,4:52,2022-06-08,11:13,3671.8,13.3,15,RECHAZADO
MOV-00279,B-010,ONE-PARANA,R-01,MUELLE-A,ACEITE,HAMBURG,2022-02-03,12:31,2022-02-05,3:09,7544.0,8.8,15,RECHAZADO
MOV-00280,B-028,ZIM-DELTA,R-04,MUELLE-D,GRANOS,SHANGHAI,2023-05-24,25:41:00,2023-05-25,sin dato,4440.04,7.9,12,DESPACHADO
MOV-00281,B-035,COSCO-TIGRE,R-05,MUELLE-F,CONTENEDORES,BUENOS AIRES,2024-07-25,AB:CD,2024-07-26,14:51,3637.45,8.1,12,DESPACHADO
MOV-00282,B-029,PIL-OESTE,R-04,MUELLE-B,TRIGO,SANTA FE,2022-06-21,20:58,2022-06-22,08:03 PM,,10.2,12,PENDIENTE
MOV-00283,B-001,COSCO-TIGRE,R-05,MUELLE-D,MINERALES,SHANGHAI,2021-10-07,7:23,2021-10-09,13:43,4060.33,15.9,12,RECHAZADO
MOV-00284,B-031,ONE-PLATA,R-07,MUELLE-F,TRIGO,SANTA FE,2024-07-11,23:20,2024-07-14,12:25,6127.94,12.3,10,EN_REVISION
MOV-00285,B-033,ever glory!!,R-03,MUELLE-D,SOJA,VALPARAISO,2022-09-14,21:34,2022-09-16,1:40,5642.51,14.8,10,RECHAZADO
MOV-00286,B-035,HAPAG-SUR,R-02,MUELLE-F,ACEITE,SAO PAULO,2024-03-01,23:46,2024-03-04,5:48,4278.62,9.7,15,DESPACHADO
MOV-00287,B-020,EVER-GLORY,R-04,MUELLE-D,CONTENEDORES,SHANGHAI,32/13/2021,21:38,2022-12-02,04:32 PM,5822.82,,10,EN_REVISION
MOV-00288,B-018,PIL-OESTE,R-08,MUELLE-F,TRIGO,HAMBURG,2020-11-08,22:13,2020-11-10,17:17,4668.42,9.2,12,EN_REVISION
MOV-00289,B-019,YANG-MING,R-04,MUELLE-F,CONTENEDORES,BUENOS AIRES,2024-10-06,22:19,2024-10-09,N/A,4054.49,16.8,10,PENDIENTE
MOV-00290,B-011,EVER-GLORY,R-02,MUELLE-C,MINERALES,MONTEVIDEO,2023-04-30,13:09,2023-05-02,23:55,6069.33,14.4,12,
MOV-00291,B-008,COSCO-STAR,R-02,MUELLE-D,TRIGO,SANTA FE,2021-01-05,12:30,2021-01-07,14:43,4705.22,16.9,15,RECHAZADO
MOV-00292,B-014,MAERSK-LIMA,R-03,MUELLE-E,MAIZ,SANTA FE,2023-03-23,6:41,2023-03-24,2:10,5191.91,10.5,10,RECHAZADO
MOV-00293,B-032,MSC-ALPHA,R-06,MUELLE-E,TRIGO,BUENOS AIRES,2024-10-19,6:08,2024-10-20,1:21,5062.71,13.9,12,DESPACHADO
MOV-00294,B-013,EVERGREEN-02,R-03,MUELLE-D,MAIZ,SHANGHAI,2020-06-07,8:07,2020-06-10,03:35 AM,87715.6,17.3,10,RECHAZADO
MOV-00295,B-020,PIL-OESTE,R-08,MUELLE-A,ACEITE,VALPARAISO,2021-10-13,12:11,2021-10-15,08:58 AM,3004.71,8.0,10,EN_REVISION
MOV-00296,B-016,YANG-ESTE,R-07,MUELLE-F,MINERALES,MONTEVIDEO,2021-08-10,8:27,2021-08-13,14:27,7139.83,11.5,15,RECHAZADO
MOV-00297,B-001,MAERSK-PAMPAS,R-03,MUELLE-D,MINERALES,BUENOS AIRES,2020-01-15,22:27,2020-01-18,02:47 AM,5776.47,12.2,15,RECHAZADO
MOV-00298,B-004,,R-08,MUELLE-D,MAIZ,SHANGHAI,2024-10-08,3:18,09-10-2024,12:53 AM,4050.26,15.8,15,DESPACHADO
MOV-00299,B-020,EVERGREEN-02,R-02,MUELLE-A,ACEITE,MONTEVIDEO,2021-02-08,2:33,00/00/0000,18:24,4661.29,13.1,12,RECHAZADO
MOV-00300,B-001,EVERGREEN-02,R-04,MUELLE-A,TRIGO,VALPARAISO,2020-03-05,5:42,2020-03-06,3:50,5837.47,14.3,12,DESPACHADO
MOV-00301,B-009,CMA-ROSARIO,R-06,MUELLE-E,GRANOS,SAO PAULO,2024-02-19,0:27,2024-02-21,8:19,4521.89,9.5,15,DESPACHADO
MOV-00302,B-012,ONE-PARANA,R-03,MUELLE-B,SOJA,MONTEVIDEO,2022-05-23,0:39,2022-05-24,02:44 PM,8552.11,14.2,10,RECHAZADO
MOV-00303,B-003,MSC-GENOVA,R-01,MUELLE-F,ACEITE,SAO PAULO,2022-06-01,5:16,00/00/0000,95:17:00,2416.08,13.1,10,EN_REVISION
MOV-00304,B-039,MAERSK-LIMA,R-01,MUELLE-E,TRIGO,SAO PAULO,2023-06-21,10:19,2023-06-24,01:51 AM,5422.52,11.5,15,RECHAZADO
MOV-00305,B-033,MSC-GENOVA,R-03,MUELLE-E,HARINA,MONTEVIDEO,2021-01-24,23:52,2021-01-27,6:29,,13.1,15,EN_REVISION
MOV-00306,B-017,@#$%,R-04,MUELLE-C,HARINA,BUENOS AIRES,2020-03-21,20:09,2020-03-23,1:56,5241.68,15.7,12,PENDIENTE
MOV-00307,B-021,EVER-GLORY,R-01,MUELLE-C,TRIGO,VALPARAISO,2024-11-12,18:06,2024-11-14,20:59,4991.99,12.5,15,PENDIENTE
MOV-00308,B-030,HAPAG-RIO,,MUELLE-B,MINERALES,MONTEVIDEO,2024-08-01,12:43,2024-08-02,18:18,5709.41,179.2,10,EN_REVISION
MOV-00309,B-010,YANG-ESTE,R-01,MUELLE-A,SOJA,SHANGHAI,2022-06-28,AB:CD,2022-06-30,06:56 PM,5405.25,106.9,15,DESPACHADO
MOV-00310,B-025,MAERSK-LIMA,R-08,MUELLE-B,SOJA,SAO PAULO,2023-06-14,10:07,2023-06-16,7:50,5940.1,11.3,10,DESPACHADO
MOV-00311,B-005,MSC-GENOVA,R-03,MUELLE-F,MAIZ,SHANGHAI,2024-07-26,2:07,2024-07-28,02:32 AM,3517.3,15.0,12,PENDIENTE
MOV-00312,B-035,HAPAG-SUR,R-04,MUELLE-D,SOJA,ROTTERDAM,2021-02-20,0:23,2021-02-22,4:49,4744.74,9.9,10,PENDIENTE
MOV-00313,B-010,COSCO-TIGRE,R-01,MUELLE-F,CONTENEDORES,SHANGHAI,03/09/2022,19:55,2022-09-04,06:20 AM,4468.1,7.8,10,DESPACHADO
MOV-00314,B-019,MAERSK-LIMA,R-03,MUELLE-A,GRANOS,MONTEVIDEO,2024-11-28,14:35,2024-11-30,04:58 PM,7263.85,12.4,15,PENDIENTE
MOV-00315,B-030,HAPAG-SUR,R-06,MUELLE-F,CONTENEDORES,ROTTERDAM,2021-02-02,8:06,2021-02-03,08:11 PM,,13.0,12,PENDIENTE
MOV-00316,B-031,EVER-GLORY,R-01,MUELLE-C,SOJA,VALPARAISO,2022-10-21,6:20,2022-10-23,05:10 AM,6988.03,11.4,12,DESPACHADO
MOV-00317,B-006,ZIM-DELTA,R-04,MUELLE-F,MAIZ,MONTEVIDEO,2022-01-07,19:54,2022-01-10,18:26,-1245.05,12.5,12,EN_REVISION
MOV-00318,B-011,YANG-MING,R-03,MUELLE-A,HARINA,SHANGHAI,2021-06-12,15:16,2021-06-15,03:21 PM,5638.67,13.0,12,EN_REVISION
MOV-00319,B-003,YANG-ESTE,R-01,MUELLE-F,TRIGO,SANTA FE,2023-03-13,12:54,2023-03-14,17:47,5599.92,10.0,10,PENDIENTE
MOV-00320,B-014,hapag sur!!,R-02,MUELLE-C,MINERALES,SANTA FE,2021-10-17,18:02,2021-10-19,07:54 XM,5638.09,11.5,10,PENDIENTE
MOV-00321,B-027,ONE-PLATA,R-04,MUELLE-F,HARINA,MONTEVIDEO,2024-03-22,9:10,2024-03-23,03:25 AM,128307.24,15.5,12,DESPACHADO
MOV-00322,B-021,msc genova!!,R-03,MUELLE-D,MAIZ,HAMBURG,2021-06-22,16:46,2021-06-22,10:35,7401.79,17.2,12,EN_REVISION
MOV-00323,B-001,EVERGREEN-02,R-06,MUELLE-A,HARINA,VALPARAISO,2022-04-27,13:22,2022-04-29,11:47,4456.39,7.9,12,DESPACHADO
MOV-00324,B-007,COSCO-STAR,R-02,MUELLE-A,GRANOS,ROTTERDAM,32/13/2021,20:28,2020-07-26,0:19,2997.39,12.1,15,
MOV-00325,B-024,ZIM-DELTA,R-05,MUELLE-C,HARINA,VALPARAISO,2020-03-07,0:01,2020-03-07,11:14 AM,4949.23,11.8,12,RECHAZADO
MOV-00326,B-012,COSCO-TIGRE,R-06,MUELLE-E,MAIZ,ROTTERDAM,2020-08-30,20:36,2020-09-02,12:21 AM,6748.3,15.2,15,PENDIENTE
MOV-00327,B-030,EVERGREEN-02,R-03,MUELLE-B,TRIGO,VALPARAISO,2024-04-26,8:42,2024-04-26,05:10 AM,4122.0,11.5,12,PENDIENTE
MOV-00328,B-002,,R-02,MUELLE-D,SOJA,SAO PAULO,13/07/2024,5:11,2024-07-14,2:43,4262.73,13.8,12,
MOV-00329,B-033,CMA-ROSARIO,R-04,MUELLE-C,SOJA,SAO PAULO,2023-11-17,4:17,2023-11-18,12:31 AM,4604.23,13.9,15,DESPACHADO
MOV-00330,B-020,,R-04,MUELLE-F,MINERALES,ROTTERDAM,2023-06-29,3:38,2023-07-01,11:00 PM,3234.35,14.3,12,RECHAZADO
MOV-00331,B-021,MAERSK-PAMPAS,R-03,MUELLE-C,TRIGO,BUENOS AIRES,2020-09-07,0:20,2020-09-07,06:16 AM,4361.23,9.6,12,PENDIENTE
MOV-00332,B-028,MSC-ALPHA,R-06,MUELLE-B,TRIGO,SANTA FE,2020-09-01,29:00:00,2020-09-02,10:30 AM,,12.1,12,RECHAZADO
MOV-00333,B-020,,R-06,MUELLE-C,CONTENEDORES,BUENOS AIRES,2023-11-27,14:31,2023-11-28,7:57,4627.64,12.0,12,EN_REVISION
MOV-00334,B-004,PIL-SANTA,R-01,MUELLE-A,GRANOS,VALPARAISO,2021-07-06,22:10,2021-07-07,null,4842.24,16.6,12,DESPACHADO
MOV-00335,B-019,COSCO-STAR,R-06,MUELLE-E,TRIGO,SAO PAULO,2020-01-27,21:13,2020-01-30,2:28,6248.54,13.6,10,DESPACHADO
MOV-00336,B-033,ONE-PARANA,R-07,MUELLE-B,SOJA,VALPARAISO,2023-08-20,AB:CD,2023-08-22,10:53 AM,5527.75,14.2,15,RECHAZADO
MOV-00337,B-007,ever glory!!,R-07,MUELLE-F,CONTENEDORES,SAO PAULO,2022-12-20,19:31,2022-12-23,12:7 AM,5277.83,13.7,12,EN_REVISION
MOV-00338,B-018,,R-04,MUELLE-B,TRIGO,SHANGHAI,2020-07-12,5:32,2020-07-14,1:35,4729.17,196.9,10,EN_REVISION
MOV-00339,B-031,PIL-OESTE,R-01,MUELLE-D,TRIGO,HAMBURG,2021-08-18,7:33,2021-08-21,16:16,5215.79,122.3,15,DESPACHADO
MOV-00340,B-039,HAPAG-SUR,R-02,MUELLE-C,GRANOS,MONTEVIDEO,2022-01-01,15:01,2022-01-03,5:40,6090.45,8.5,10,RECHAZADO
MOV-00341,B-022,COSCO-TIGRE,,MUELLE-C,HARINA,SAO PAULO,2020-09-08,30:09:00,2020-09-11,5:13,3361.35,9.8,15,DESPACHADO
MOV-00342,B-038,MAERSK-LIMA,R-01,MUELLE-D,HARINA,SANTA FE,2021-05-29,4:22,2021-05-30,17:16,3637.09,16.6,10,RECHAZADO
MOV-00343,B-007,PIL-SANTA,R-05,MUELLE-E,HARINA,MONTEVIDEO,2020-10-12,21:49,2020-10-14,11:40 PM,4542.68,9.6,15,RECHAZADO
MOV-00344,B-030,MAERSK-PAMPAS,R-07,MUELLE-D,GRANOS,SANTA FE,2024-05-30,7:37,2024-06-02,9:26,5561.19,12.9,12,RECHAZADO
MOV-00345,B-019,PIL-OESTE,R-08,MUELLE-F,ACEITE,SANTA FE,2024-01-08,1:44,2024-01-09,7:56,4892.45,7.5,15,DESPACHADO
MOV-00346,B-016,ONE-PARANA,R-02,MUELLE-D,GRANOS,HAMBURG,2022-09-17,5:52,2022-09-18,03:59 PM,5574.62,12.5,12,RECHAZADO
MOV-00347,B-038,HAPAG-SUR,R-06,MUELLE-F,HARINA,ROTTERDAM,2024-07-24,13:09,2024-07-24,23:32,4815.29,,12,RECHAZADO
MOV-00348,B-014,EVERGREEN-02,R-07,MUELLE-E,SOJA,MONTEVIDEO,2022-07-30,22:54,2022-07-31,17:15,3857.73,15.8,12,PENDIENTE
MOV-00349,B-040,COSCO-TIGRE,R-02,MUELLE-A,GRANOS,MONTEVIDEO,2022-09-02,10:48,2022-09-03,03:58 AM,5467.24,12.8,15,PENDIENTE
MOV-00350,B-012,@#$%,R-02,MUELLE-F,MINERALES,ROTTERDAM,2021-02-04,8:31,2021-02-06,10:21 PM,,11.7,10,PENDIENTE
MOV-00351,B-034,HAPAG-SUR,R-04,MUELLE-B,MINERALES,SHANGHAI,2024-06-29,2:28,2024-07-01,05:26 AM,3871.12,9.4,10,EN_REVISION
MOV-00352,B-019,COSCO-STAR,R-04,MUELLE-E,HARINA,ROTTERDAM,22/08/2022,8:41,2022-08-22,12:58,2573.96,10.2,15,DESPACHADO
MOV-00353,B-003,EVERGREEN-02,R-02,MUELLE-D,SOJA,HAMBURG,2022-10-14,25:01:00,2022-10-16,12:06 AM,4954.97,12.9,10,PENDIENTE
MOV-00354,B-028,zim norte!!,R-03,MUELLE-A,MINERALES,BUENOS AIRES,2021-05-02,7:05,2021-05-02,03:27 PM,4343.38,,10,EN_REVISION
MOV-00355,B-019,CMA-ROSARIO,R-07,MUELLE-D,SOJA,BUENOS AIRES,2023-12-15,23:52,2023-12-18,11:33 AM,4998.12,15.8,12,DESPACHADO
MOV-00356,B-009,ONE-PLATA,R-04,MUELLE-C,TRIGO,BUENOS AIRES,32/13/2021,22:28,2021-04-29,3:40,4668.22,6.8,10,EN_REVISION
MOV-00357,B-020,EVER-GLORY,R-06,MUELLE-A,ACEITE,VALPARAISO,2022-06-07,13:50,2022-06-08,03:27 PM,5049.92,9.3,15,PENDIENTE
MOV-00358,B-018,COSCO-STAR,R-04,MUELLE-E,HARINA,SHANGHAI,2023-09-12,8:50,2023-09-12,03:49 XM,5932.73,12.6,12,RECHAZADO
MOV-00359,B-005,CMA-LITORAL,,MUELLE-C,HARINA,VALPARAISO,2024-11-19,19:41,2024-11-20,11:30,6180.26,181.4,10,RECHAZADO
MOV-00360,B-033,CMA-LITORAL,,MUELLE-E,SOJA,SAO PAULO,2022-05-01,2:41,2022-05-03,06:53 PM,4469.98,14.6,15,PENDIENTE
MOV-00361,B-033,ONE-PLATA,R-06,MUELLE-B,CONTENEDORES,SANTA FE,2020-06-07,7:36,2020-06-10,10:15 AM,1917.76,19.1,10,PENDIENTE
MOV-00362,B-015,CMA-LITORAL,R-06,MUELLE-F,SOJA,SAO PAULO,2020-06-12,11:35,2020-06-15,10:39,4733.32,5.9,12,RECHAZADO
MOV-00363,B-027,MAERSK-PAMPAS,R-03,MUELLE-E,MINERALES,SAO PAULO,2022-05-07,8:48,10-05-2022,2:57,5151.36,11.6,10,PENDIENTE
MOV-00364,B-022,PIL-OESTE,R-02,MUELLE-F,GRANOS,BUENOS AIRES,2022-07-10,23:53,2022-07-13,16:32,7508.02,10.0,15,EN_REVISION
MOV-00365,B-007,ZIM-DELTA,R-05,MUELLE-D,ACEITE,SANTA FE,2020-10-20,1:52,2020-10-21,10:22 PM,4740.42,14.9,10,RECHAZADO
MOV-00366,B-036,ONE-PLATA,R-03,MUELLE-A,GRANOS,SAO PAULO,2021-02-20,9:36,2021-02-22,8:38,2774.98,12.4,12,DESPACHADO
MOV-00367,B-005,MSC-ALPHA,R-03,MUELLE-E,ACEITE,VALPARAISO,2023-12-18,22:20,2023-12-19,14:34,63687.47,9.4,10,RECHAZADO
MOV-00368,B-032,YANG-MING,R-03,MUELLE-B,SOJA,SAO PAULO,2021-03-03,22:11,2021-03-04,19:10,3723.06,13.4,15,DESPACHADO
MOV-00369,B-008,YANG-MING,R-07,MUELLE-D,ACEITE,SAO PAULO,2023-09-14,3:22,2023-09-16,8:23,6001.8,14.2,12,RECHAZADO
MOV-00370,B-026,PIL-SANTA,R-01,muelle  c!!,MINERALES,SAO PAULO,2022-04-19,7:36,2022-04-20,8:10 PM,4759.66,11.3,12,EN_REVISION
MOV-00371,B-035,ONE-PARANA,R-03,MUELLE-E,CONTENEDORES,SAO PAULO,32/13/2021,6:35,27-04-2022,09:50 AM,5835.23,5.7,12,EN_REVISION
MOV-00372,B-009,PIL-SANTA,R-02,MUELLE-A,SOJA,ROTTERDAM,2020-11-06,AB:CD,2020-11-08,03:12 AM,7250.29,12.5,15,DESPACHADO
MOV-00373,B-035,ONE-PLATA,R-04,MUELLE-D,GRANOS,HAMBURG,2020-08-09,14:14,2020-08-09,01:42 XM,6941.42,10.5,15,RECHAZADO
MOV-00374,B-037,ZIM-DELTA,R-01,MUELLE-D,HARINA,ROTTERDAM,2021-10-20,22:36,2021-10-23,3:11,4864.42,6.3,10,EN_REVISION
MOV-00375,B-001,HAPAG-RIO,R-02,MUELLE-B,TRIGO,HAMBURG,2023-07-06,16:31,2023-07-07,7:40 AM,6223.03,12.8,10,DESPACHADO
MOV-00376,B-034,YANG-ESTE,R-05,MUELLE-D,MINERALES,SAO PAULO,02/12/2020,16:45,2020-12-05,12:36 AM,6717.55,9.9,10,EN_REVISION
MOV-00377,B-001,ONE-PARANA,R-05,MUELLE-C,CONTENEDORES,VALPARAISO,2023-02-23,17:41,2023-02-24,21:43,4135.06,9.9,12,EN_REVISION
MOV-00378,B-011,MSC-GENOVA,R-04,MUELLE-B,SOJA,MONTEVIDEO,2020-06-08,1:08,2020-06-10,7:56,6247.2,17.3,12,PENDIENTE
MOV-00379,B-018,CMA-ROSARIO,R-07,MUELLE-E,MINERALES,HAMBURG,2023-08-28,11:11,2023-08-28,06:19 AM,4394.34,8.5,12,EN_REVISION
MOV-00380,B-024,PIL-SANTA,R-01,MUELLE-E,HARINA,SANTA FE,2023-12-13,8:17,2023-12-13,11:24 PM,,9.6,15,EN_REVISION
MOV-00381,B-009,COSCO-STAR,R-07,muelle  a!!,GRANOS,HAMBURG,2024-10-12,6:41,2024-10-12,23:6,4069.0,17.5,12,DESPACHADO
MOV-00382,B-012,CMA-LITORAL,R-01,MUELLE-C,TRIGO,ROTTERDAM,2021-09-29,8:35,2021-10-01,4:08,,100.3,10,PENDIENTE
MOV-00383,B-020,ONE-PARANA,R-03,MUELLE-C,GRANOS,ROTTERDAM,2022-04-27,7:53,2022-04-28,10:21 PM,5288.55,13.5,12,EN_REVISION
MOV-00384,B-028,EVERGREEN-02,R-05,MUELLE-B,ACEITE,VALPARAISO,2022-08-15,8:02,2022-08-16,09:17 AM,4177.33,11.8,10,DESPACHADO
MOV-00385,B-023,YANG-MING,R-03,MUELLE-D,MAIZ,SANTA FE,2023-11-23,13:46,2023-11-25,20:32,5481.75,8.9,15,RECHAZADO
MOV-00386,B-011,YANG-MING,R-04,MUELLE-E,MAIZ,MONTEVIDEO,2021-09-25,4:51,27-09-2021,3:39,5095.77,11.0,10,EN_REVISION
MOV-00387,B-031,ZIM-NORTE,R-07,MUELLE-F,TRIGO,HAMBURG,2022-03-04,4:20,2022-03-05,11:45,5918.75,7.9,10,
MOV-00388,B-039,COSCO-TIGRE,R-02,MUELLE-F,TRIGO,MONTEVIDEO,2020-07-09,10:24,2020-07-10,2:7,5314.09,13.9,12,
MOV-00389,B-021,CMA-ROSARIO,R-07,MUELLE-F,MINERALES,SANTA FE,2024-04-28,1:19,2024-04-30,19:2,3984.4,8.3,12,RECHAZADO
MOV-00390,B-038,@#$%,R-04,MUELLE-E,MINERALES,ROTTERDAM,2022-07-31,11:03,2022-08-02,02:51 PM,,12.2,12,DESPACHADO
MOV-00391,B-010,HAPAG-SUR,R-07,MUELLE-C,ACEITE,HAMBURG,2024-08-07,16:36,10-08-2024,7:55,7264.74,8.8,15,PENDIENTE
MOV-00392,B-006,MAERSK-PAMPAS,R-02,muelle  b!!,HARINA,VALPARAISO,2022-08-26,6:48,2022-08-28,08:9 PM,4869.71,11.1,15,PENDIENTE
MOV-00393,B-015,MSC-GENOVA,R-06,MUELLE-B,SOJA,VALPARAISO,2023-01-13,12:30,2023-01-13,15:36,3550.12,9.8,12,RECHAZADO
MOV-00394,B-034,EVERGREEN-02,R-05,MUELLE-C,ACEITE,HAMBURG,2023-07-02,11:36,2023-07-04,15:10,6651.49,12.8,10,RECHAZADO
MOV-00395,B-026,ZIM-NORTE,R-07,MUELLE-C,TRIGO,ROTTERDAM,2023-09-22,21:40,2023-09-24,3:48,-933.66,14.6,10,EN_REVISION
MOV-00396,B-027,MAERSK-PAMPAS,R-04,MUELLE-F,GRANOS,SAO PAULO,2023-05-12,18:46,2023-05-15,15:49,3904.39,9.7,10,PENDIENTE
MOV-00397,B-013,MSC-ALPHA,R-03,MUELLE-C,SOJA,SANTA FE,2023-05-20,14:15,2023-05-21,46:45:00,53232.26,10.4,15,PENDIENTE
MOV-00398,B-017,ZIM-NORTE,R-02,MUELLE-F,GRANOS,HAMBURG,2024-08-23,23:49,2024-08-24,7:30,5197.76,11.1,12,RECHAZADO
MOV-00399,B-007,MSC-ALPHA,R-02,MUELLE-D,MINERALES,SAO PAULO,2024-05-31,14:44,2024-06-02,04:18 AM,3993.35,15.8,12,EN_REVISION
MOV-00400,B-010,YANG-ESTE,R-05,MUELLE-D,HARINA,SAO PAULO,2023-04-11,0:16,2023-04-13,20:45,5940.6,8.8,10,DESPACHADO
MOV-00401,B-001,COSCO-STAR,R-06,MUELLE-B,HARINA,SAO PAULO,2024-06-04,3:41,2024-06-05,8:56 AM,5965.41,15.3,15,PENDIENTE
MOV-00402,B-035,COSCO-STAR,R-01,MUELLE-D,TRIGO,SAO PAULO,2024-10-22,7:14,2024-10-24,11:07 AM,5223.07,10.2,15,EN_REVISION
MOV-00403,B-005,ONE-PARANA,R-08,MUELLE-A,MINERALES,BUENOS AIRES,2023-05-10,15:19,2023-05-10,16:28,125456.03,15.5,10,RECHAZADO
MOV-00404,B-020,PIL-SANTA,R-04,MUELLE-C,HARINA,VALPARAISO,2022-09-25,0:20,2022-09-27,07:19 AM,6542.46,15.3,10,RECHAZADO
MOV-00405,B-020,YANG-ESTE,R-04,MUELLE-E,MAIZ,SHANGHAI,2024-10-11,5:39,2024-10-12,21:47,5430.33,14.8,10,PENDIENTE
MOV-00406,B-027,MSC-GENOVA,R-07,MUELLE-A,CONTENEDORES,SHANGHAI,2024-08-03,22:12,2024-08-05,08:24 PM,7023.15,11.2,10,PENDIENTE
MOV-00407,B-003,COSCO-TIGRE,R-08,MUELLE-B,HARINA,ROTTERDAM,2023-01-06,11:28,2023-01-08,23:06,6377.86,14.6,12,DESPACHADO
MOV-00408,B-002,CMA-ROSARIO,,MUELLE-F,ACEITE,SHANGHAI,2022-08-17,AB:CD,2022-08-19,17:33,4985.7,9.9,12,RECHAZADO
MOV-00409,B-033,MSC-ALPHA,R-08,MUELLE-C,ACEITE,BUENOS AIRES,2022-12-25,5:51,2022-12-28,4:0,2023.49,8.8,10,DESPACHADO
MOV-00410,B-028,MSC-GENOVA,R-07,MUELLE-E,HARINA,SANTA FE,2020-11-04,8:54,2020-11-05,3:45,5851.27,12.3,12,RECHAZADO
MOV-00411,B-009,zim norte!!,R-06,MUELLE-A,ACEITE,SHANGHAI,32/13/2021,8:14,2022-05-19,06:12 PM,4560.6,10.3,10,PENDIENTE
MOV-00412,B-012,ONE-PLATA,R-02,MUELLE-B,TRIGO,BUENOS AIRES,2022-04-30,AB:CD,2022-04-30,02:15 PM,4933.57,9.2,12,RECHAZADO
MOV-00413,B-025,HAPAG-SUR,R-01,MUELLE-C,ACEITE,SANTA FE,2020-09-19,16:09,2020-09-20,12:27 PM,5430.84,10.5,10,PENDIENTE
MOV-00414,B-011,MSC-GENOVA,R-08,MUELLE-B,HARINA,ROTTERDAM,32/13/2021,0:21,2020-02-28,20:21,139718.87,10.7,12,EN_REVISION
MOV-00415,B-035,CMA-LITORAL,R-03,MUELLE-E,GRANOS,VALPARAISO,2021-10-23,21:34,2021-10-25,09:18 AM,2456.01,13.2,10,RECHAZADO
MOV-00416,B-020,MSC-ALPHA,R-08,muelle  f!!,HARINA,MONTEVIDEO,2024-02-17,1:47,00/00/0000,20:36,3442.16,14.1,15,EN_REVISION
MOV-00417,B-017,ZIM-NORTE,R-08,MUELLE-A,HARINA,SHANGHAI,2024-07-10,15:49,2024-07-13,5:12,5770.43,12.0,12,EN_REVISION
MOV-00418,B-006,ONE-PLATA,R-03,MUELLE-D,TRIGO,MONTEVIDEO,2021-12-25,16:38,2021-12-26,sin dato,5129.46,10.0,15,PENDIENTE
MOV-00419,B-028,ONE-PARANA,R-05,MUELLE-A,CONTENEDORES,VALPARAISO,16/08/2022,10:08,2022-08-18,08:57 AM,7607.53,7.3,12,RECHAZADO
MOV-00420,B-027,COSCO-TIGRE,R-04,MUELLE-B,ACEITE,BUENOS AIRES,2020-09-09,23:47,2020-09-10,02:36 AM,5939.42,11.4,12,PENDIENTE
MOV-00421,B-022,PIL-SANTA,R-01,MUELLE-D,HARINA,BUENOS AIRES,2023-11-17,15:48,2023-11-19,04:35 PM,4348.67,12.8,15,RECHAZADO
MOV-00422,B-033,MSC-ALPHA,R-07,MUELLE-F,HARINA,SHANGHAI,2021-05-12,18:31,2021-05-14,____,6890.06,12.4,12,DESPACHADO
MOV-00423,B-016,EVERGREEN-02,R-07,MUELLE-D,GRANOS,SHANGHAI,32/13/2021,12:52,2020-03-19,3:06,5938.3,8.9,15,RECHAZADO
MOV-00424,B-030,PIL-SANTA,R-03,MUELLE-B,ACEITE,ROTTERDAM,2024-10-20,2:21,2024-10-22,04:02 PM,5142.58,10.2,12,EN_REVISION
MOV-00425,B-011,HAPAG-RIO,R-06,MUELLE-A,SOJA,SAO PAULO,2021-08-29,17:34,2021-08-30,N/A,6565.35,9.5,15,EN_REVISION
MOV-00426,B-037,COSCO-STAR,R-06,MUELLE-B,MINERALES,SANTA FE,2020-02-23,26:01:00,2020-02-24,0:58,3299.49,10.7,12,PENDIENTE
MOV-00427,B-025,PIL-SANTA,R-06,MUELLE-C,CONTENEDORES,SHANGHAI,2023-01-11,11:04,2023-01-12,10:51 PM,7282.86,7.9,12,EN_REVISION
MOV-00428,B-015,CMA-LITORAL,R-05,MUELLE-E,GRANOS,HAMBURG,2020-02-15,17:28,2020-02-16,05:57 AM,3715.56,12.1,10,RECHAZADO
MOV-00429,B-020,MSC-ALPHA,R-04,MUELLE-E,CONTENEDORES,MONTEVIDEO,2023-12-29,11:37,2023-12-30,5:14,7076.26,5.9,10,EN_REVISION
MOV-00430,B-025,MAERSK-PAMPAS,R-07,MUELLE-F,MINERALES,MONTEVIDEO,2023-12-19,13:56,2023-12-21,04:22 PM,5423.49,14.4,10,EN_REVISION
MOV-00431,B-001,MSC-ALPHA,R-07,MUELLE-C,GRANOS,SHANGHAI,2022-10-17,5:34,2022-10-18,23:55,5745.72,11.5,15,DESPACHADO
MOV-00432,B-020,YANG-MING,R-02,MUELLE-C,MAIZ,MONTEVIDEO,2021-11-21,14:59,2021-11-23,2:07,3367.92,12.1,15,DESPACHADO
MOV-00433,B-034,COSCO-STAR,R-06,MUELLE-E,CONTENEDORES,SAO PAULO,2021-08-22,20:27,25-08-2021,11:22 AM,4440.74,,10,EN_REVISION
MOV-00434,B-037,ZIM-NORTE,,MUELLE-F,ACEITE,SANTA FE,2021-12-21,17:03,2021-12-24,19:42,5974.98,12.7,10,DESPACHADO
MOV-00435,B-008,YANG-MING,R-01,MUELLE-B,ACEITE,MONTEVIDEO,2020-04-01,4:09,2020-04-02,20:30,5535.46,178.8,12,RECHAZADO
MOV-00436,B-001,COSCO-TIGRE,R-01,MUELLE-F,MINERALES,MONTEVIDEO,2024-06-08,15:04,2024-06-09,08:31 PM,5534.34,12.6,10,PENDIENTE
MOV-00437,B-034,EVER-GLORY,R-08,MUELLE-D,SOJA,BUENOS AIRES,2024-04-10,22:51,2024-04-11,04:03 AM,6155.51,12.7,10,PENDIENTE
MOV-00438,B-013,EVER-GLORY,R-07,MUELLE-D,MAIZ,VALPARAISO,2023-09-09,23:28,2023-09-10,02:57 PM,5261.25,16.2,12,DESPACHADO
MOV-00439,B-015,MSC-GENOVA,R-07,MUELLE-A,GRANOS,ROTTERDAM,2023-02-28,17:04,2023-02-28,12:15,6266.65,8.0,10,DESPACHADO
MOV-00440,B-010,YANG-MING,R-03,MUELLE-D,HARINA,MONTEVIDEO,2020-10-21,1:29,2020-10-23,16:54,4919.94,8.8,12,EN_REVISION
MOV-00441,B-014,ONE-PARANA,R-04,MUELLE-F,ACEITE,HAMBURG,2020-10-16,15:06,2020-10-19,22:37,4274.29,13.8,12,RECHAZADO
MOV-00442,B-037,CMA-ROSARIO,R-07,MUELLE-E,TRIGO,MONTEVIDEO,2020-09-24,AB:CD,2020-09-27,8:43,4634.38,14.1,15,RECHAZADO
MOV-00443,B-038,CMA-LITORAL,R-08,MUELLE-C,MAIZ,VALPARAISO,2020-11-30,13:07,2020-12-03,0:47,,14.3,10,EN_REVISION
MOV-00444,B-038,,R-08,MUELLE-E,MAIZ,HAMBURG,2021-12-05,10:05,2021-12-07,09:57 AM,7854.46,10.7,15,DESPACHADO
MOV-00445,B-027,HAPAG-RIO,R-06,muelle  c!!,TRIGO,VALPARAISO,2023-08-22,7:44,2023-08-24,10:51 AM,2397.1,148.8,10,DESPACHADO
MOV-00446,B-018,COSCO-TIGRE,R-06,MUELLE-C,CONTENEDORES,ROTTERDAM,2023-02-05,6:31,2023-02-06,05:23 PM,5745.42,14.0,12,EN_REVISION
MOV-00447,B-001,msc genova!!,R-06,MUELLE-E,SOJA,MONTEVIDEO,2020-08-04,19:07,2020-08-05,sin dato,4268.55,10.0,15,RECHAZADO
MOV-00448,B-039,HAPAG-RIO,R-08,MUELLE-C,GRANOS,HAMBURG,2021-06-23,4:56,2021-06-24,09:6,4511.93,11.9,10,PENDIENTE
MOV-00449,B-017,YANG-MING,R-03,MUELLE-A,GRANOS,BUENOS AIRES,27/03/2024,13:05,2024-03-30,18:15,3911.87,16.0,15,RECHAZADO
MOV-00450,B-021,ZIM-NORTE,R-04,MUELLE-B,MAIZ,SANTA FE,2024-06-18,26:50:00,2024-06-21,19:52,-1122.26,15.3,12,EN_REVISION
MOV-00451,B-010,PIL-SANTA,R-06,MUELLE-B,GRANOS,HAMBURG,2021-07-22,7:12,2021-07-25,11:40 AM,6230.11,16.7,15,RECHAZADO
MOV-00452,B-011,MSC-ALPHA,R-05,MUELLE-F,CONTENEDORES,BUENOS AIRES,2024-07-10,22:55,2024-07-11,8:57,3922.83,11.5,12,PENDIENTE
MOV-00453,B-009,MSC-ALPHA,R-04,MUELLE-F,TRIGO,SAO PAULO,2022-11-12,3:24,2022-11-13,0:23,2672.82,9.6,12,RECHAZADO
MOV-00454,B-040,HAPAG-SUR,R-03,MUELLE-C,ACEITE,HAMBURG,2021-01-20,19:38,2021-01-21,14:19 XM,,9.7,15,EN_REVISION
MOV-00455,B-010,CMA-LITORAL,R-07,MUELLE-E,MAIZ,HAMBURG,2021-02-09,22:38,00/00/0000,05:03 PM,5747.81,13.5,12,EN_REVISION
MOV-00456,B-021,PIL-OESTE,R-01,MUELLE-E,GRANOS,MONTEVIDEO,2020-07-28,16:10,2020-07-30,22:38,5414.23,12.4,10,RECHAZADO
MOV-00457,B-015,ZIM-DELTA,R-01,MUELLE-F,GRANOS,SANTA FE,2020-11-08,4:32,00/00/0000,05:04 PM,4650.87,,10,PENDIENTE
MOV-00458,B-011,COSCO-TIGRE,R-04,MUELLE-B,GRANOS,VALPARAISO,2024-09-05,AB:CD,2024-09-06,16:27 XM,3653.61,10.8,10,EN_REVISION
MOV-00459,B-020,ONE-PARANA,R-05,MUELLE-C,MINERALES,SANTA FE,20/03/2021,16:01,2021-03-22,11:32,2723.97,9.5,12,PENDIENTE
MOV-00460,B-040,@#$%,R-01,MUELLE-A,GRANOS,SANTA FE,2024-02-01,18:10,2024-02-02,23:53,5923.82,10.9,12,EN_REVISION
MOV-00461,B-002,hapag sur!!,R-03,MUELLE-A,SOJA,BUENOS AIRES,2023-02-15,8:17,2023-02-15,22:59,2595.27,,15,PENDIENTE
MOV-00462,B-019,HAPAG-SUR,R-04,MUELLE-C,GRANOS,VALPARAISO,2023-08-24,1:55,2023-08-26,04:57 AM,5124.59,15.3,10,PENDIENTE
MOV-00463,B-038,COSCO-TIGRE,R-06,MUELLE-D,ACEITE,VALPARAISO,2023-10-15,17:26,2023-10-17,07:50 AM,5786.53,7.4,12,PENDIENTE
MOV-00464,B-037,CMA-ROSARIO,R-04,MUELLE-F,CONTENEDORES,BUENOS AIRES,2020-03-26,16:06,2020-03-26,7:17,7681.0,5.8,15,RECHAZADO
MOV-00465,B-007,,R-08,MUELLE-B,TRIGO,SANTA FE,2021-09-19,AB:CD,2021-09-21,12:06,2331.34,12.2,15,DESPACHADO
MOV-00466,B-022,COSCO-TIGRE,R-06,MUELLE-B,HARINA,ROTTERDAM,2022-10-03,1:31,2022-10-04,1:42,3937.11,9.0,15,RECHAZADO
MOV-00467,B-006,COSCO-STAR,R-04,MUELLE-F,SOJA,HAMBURG,2020-03-11,10:19,13-03-2020,04:39 AM,4994.69,9.8,12,RECHAZADO
MOV-00468,B-034,HAPAG-SUR,R-03,muelle  d!!,HARINA,MONTEVIDEO,2023-11-07,4:53,07-11-2023,11:33,4730.34,14.6,10,DESPACHADO
MOV-00469,B-007,HAPAG-RIO,R-03,MUELLE-B,GRANOS,HAMBURG,2023-12-21,16:57,2023-12-23,07:39 AM,3755.79,15.5,10,RECHAZADO
MOV-00470,B-013,CMA-LITORAL,R-06,MUELLE-E,HARINA,HAMBURG,2022-04-26,25:32:00,2022-04-26,3:06,-686.12,11.2,15,DESPACHADO
MOV-00471,B-031,ONE-PARANA,R-02,MUELLE-B,CONTENEDORES,BUENOS AIRES,2024-10-29,2:30,2024-10-31,12:43 PM,3820.2,6.9,10,PENDIENTE
MOV-00472,B-015,CMA-ROSARIO,R-08,MUELLE-E,CONTENEDORES,MONTEVIDEO,2022-06-05,19:01,2022-06-08,6:13 AM,4196.73,10.6,10,PENDIENTE
MOV-00473,B-038,ZIM-NORTE,R-03,MUELLE-D,ACEITE,BUENOS AIRES,2023-07-17,2:16,2023-07-18,18:58,6462.41,11.4,15,RECHAZADO
MOV-00474,B-009,YANG-MING,R-04,MUELLE-F,ACEITE,SHANGHAI,2020-08-28,23:46,2020-08-30,7:11,5470.93,8.2,10,PENDIENTE
MOV-00475,B-026,MSC-GENOVA,R-02,MUELLE-B,HARINA,HAMBURG,2022-11-12,18:26,2022-11-13,13:16,6392.06,10.5,12,RECHAZADO
MOV-00476,B-028,one parana!!,,MUELLE-F,GRANOS,SANTA FE,2021-08-05,13:15,2021-08-06,3:57,4121.64,15.6,12,DESPACHADO
MOV-00477,B-040,,R-08,MUELLE-A,SOJA,SAO PAULO,32/13/2021,5:58,2025-01-01,6:39,5241.43,15.3,10,RECHAZADO
MOV-00478,B-014,HAPAG-SUR,R-07,MUELLE-E,ACEITE,SHANGHAI,2023-05-27,6:23,2023-05-28,sin dato,3340.58,,12,DESPACHADO
MOV-00479,B-029,MSC-GENOVA,R-07,MUELLE-E,ACEITE,SHANGHAI,2022-05-18,2:27,2022-05-19,10:05,,12.4,12,RECHAZADO
MOV-00480,B-036,EVER-GLORY,R-05,MUELLE-A,HARINA,HAMBURG,2024-11-18,5:14,2024-11-20,18:5,4364.41,17.7,12,PENDIENTE
MOV-00481,B-005,MAERSK-LIMA,R-05,MUELLE-B,SOJA,HAMBURG,2021-05-18,0:20,19-05-2021,10:53 PM,4884.25,10.3,10,EN_REVISION
MOV-00482,B-016,HAPAG-RIO,R-01,MUELLE-A,CONTENEDORES,MONTEVIDEO,2023-10-19,12:35,2023-10-21,4:12,4658.97,,12,DESPACHADO
MOV-00483,B-008,YANG-ESTE,R-07,MUELLE-D,CONTENEDORES,VALPARAISO,2021-03-17,13:49,2021-03-18,04:11 AM,6371.36,12.5,10,EN_REVISION
MOV-00484,B-010,MAERSK-LIMA,R-05,MUELLE-C,GRANOS,SHANGHAI,2020-06-08,19:18,2020-06-10,3:37,60130.27,8.6,12,RECHAZADO
MOV-00485,B-029,COSCO-TIGRE,R-06,MUELLE-E,MINERALES,SHANGHAI,2023-04-14,3:56,2023-04-16,08:28 AM,4915.54,12.9,15,EN_REVISION
MOV-00486,B-040,COSCO-TIGRE,R-05,muelle  d!!,TRIGO,SANTA FE,2022-05-06,18:12,2022-05-09,07:9 AM,4029.65,19.0,10,DESPACHADO
MOV-00487,B-022,YANG-ESTE,R-06,MUELLE-D,HARINA,SHANGHAI,2023-04-22,16:43,2023-04-24,18:02,3243.62,11.3,15,EN_REVISION
MOV-00488,B-015,ZIM-DELTA,R-08,MUELLE-B,SOJA,SHANGHAI,2021-09-04,2:15,2021-09-05,16:47,4941.25,8.9,12,RECHAZADO
MOV-00489,B-014,COSCO-TIGRE,R-07,MUELLE-B,HARINA,SAO PAULO,2022-02-10,2:06,2022-02-10,24:00:00,4165.63,15.5,15,PENDIENTE
MOV-00490,B-037,COSCO-STAR,R-01,MUELLE-B,HARINA,SHANGHAI,2023-06-12,0:52,2023-06-13,18:40 XM,6539.59,13.0,10,DESPACHADO
MOV-00491,B-019,EVER-GLORY,R-07,muelle  c!!,MAIZ,HAMBURG,2023-08-31,22:52,2023-09-03,12:42 PM,4096.5,14.8,12,RECHAZADO
MOV-00492,B-021,PIL-OESTE,R-04,MUELLE-F,MINERALES,ROTTERDAM,2023-02-04,23:37,2023-02-06,09:02 PM,6238.17,15.0,15,RECHAZADO
MOV-00493,B-021,MAERSK-PAMPAS,R-06,MUELLE-E,MAIZ,SANTA FE,2024-11-28,10:09,2024-11-28,3:43,,11.1,12,PENDIENTE
MOV-00494,B-022,ONE-PLATA,R-05,MUELLE-E,CONTENEDORES,SAO PAULO,2022-07-20,23:37,2022-07-22,0:23,5240.32,7.2,10,RECHAZADO
MOV-00495,B-003,zim delta!!,R-05,MUELLE-D,HARINA,SANTA FE,2021-05-04,12:00,2021-05-06,null,7861.89,13.9,12,PENDIENTE
MOV-00496,B-036,YANG-MING,R-02,MUELLE-B,CONTENEDORES,SHANGHAI,32/13/2021,2:21,2022-05-30,10:52,4229.71,11.4,15,PENDIENTE
MOV-00497,B-010,MAERSK-LIMA,R-01,MUELLE-B,SOJA,VALPARAISO,2022-10-21,17:29,2022-10-24,13:57,5995.05,14.1,10,PENDIENTE
MOV-00498,B-034,ZIM-NORTE,R-04,MUELLE-D,ACEITE,SANTA FE,2020-07-31,16:49,2020-08-02,16:23,6288.86,7.8,12,EN_REVISION
MOV-00499,B-001,PIL-OESTE,R-06,MUELLE-A,ACEITE,SHANGHAI,2024-10-31,14:05,2024-11-01,16:12,4999.75,11.6,12,RECHAZADO
MOV-00500,B-004,YANG-MING,R-03,MUELLE-F,HARINA,ROTTERDAM,2022-12-23,11:04,26-12-2022,13:02,4552.58,17.7,10,PENDIENTE
MOV-00501,B-014,PIL-OESTE,R-02,MUELLE-B,GRANOS,VALPARAISO,2024-10-25,2:51,2024-10-26,2:07,5824.58,,15,EN_REVISION
MOV-00502,B-026,ZIM-NORTE,R-02,MUELLE-C,MAIZ,SAO PAULO,2023-12-06,3:40,2023-12-06,22:35,4613.03,13.7,15,DESPACHADO
MOV-00503,B-025,ONE-PARANA,R-05,MUELLE-C,MAIZ,ROTTERDAM,2023-06-16,3:45,18-06-2023,sin dato,5837.0,10.7,10,RECHAZADO
MOV-00504,B-005,COSCO-TIGRE,R-03,MUELLE-B,HARINA,BUENOS AIRES,2020-01-29,13:06,2020-01-31,07:00 PM,3896.95,8.1,15,DESPACHADO
MOV-00505,B-032,HAPAG-SUR,R-05,MUELLE-D,GRANOS,VALPARAISO,2024-03-12,14:33,2024-03-14,8:00,4355.81,12.7,10,DESPACHADO
MOV-00506,B-031,ZIM-DELTA,R-08,muelle  b!!,GRANOS,SAO PAULO,2022-11-09,20:59,2022-11-10,8:30,2365.02,17.8,15,RECHAZADO
MOV-00507,B-040,PIL-OESTE,R-03,MUELLE-F,MINERALES,SANTA FE,25/04/2024,17:26,2024-04-27,3:17 PM,6032.78,11.3,15,PENDIENTE
MOV-00508,B-021,,,MUELLE-C,MINERALES,SAO PAULO,2020-02-03,22:04,2020-02-04,16:37,3727.18,12.1,15,EN_REVISION
MOV-00509,B-008,PIL-SANTA,R-08,MUELLE-B,SOJA,SHANGHAI,2024-06-08,AB:CD,2024-06-10,06:27 PM,4594.09,11.1,12,PENDIENTE
MOV-00510,B-023,CMA-LITORAL,R-03,MUELLE-A,SOJA,SANTA FE,2024-02-19,1:46,2024-02-20,16:06,5787.9,17.2,10,EN_REVISION
MOV-00511,B-031,COSCO-TIGRE,R-01,MUELLE-B,ACEITE,SANTA FE,2020-06-22,5:13,2020-06-22,10:23,3984.44,6.2,10,PENDIENTE
MOV-00512,B-037,ONE-PARANA,R-08,MUELLE-D,MAIZ,HAMBURG,2024-06-22,0:12,2024-06-24,02:39 PM,4342.4,15.8,15,EN_REVISION
MOV-00513,B-012,ZIM-NORTE,R-04,MUELLE-B,TRIGO,SANTA FE,2022-12-11,17:05,2022-12-13,23:43,5081.26,15.8,12,DESPACHADO
MOV-00514,B-018,MSC-ALPHA,R-01,MUELLE-A,GRANOS,SANTA FE,2021-10-22,5:48,2021-10-22,10:49 PM,6252.46,8.4,10,DESPACHADO
MOV-00515,B-019,PIL-SANTA,R-03,MUELLE-A,MAIZ,HAMBURG,2020-11-04,5:52,2020-11-05,04:28 AM,2369.12,12.4,10,EN_REVISION
MOV-00516,B-008,ZIM-DELTA,R-07,MUELLE-B,HARINA,SAO PAULO,2024-08-09,5:50,11-08-2024,22:12,4740.37,12.7,12,EN_REVISION
MOV-00517,B-009,COSCO-STAR,R-01,MUELLE-C,GRANOS,BUENOS AIRES,2022-12-19,23:00,2022-12-21,59:29:00,4973.97,15.7,15,RECHAZADO
MOV-00518,B-019,HAPAG-RIO,R-05,MUELLE-D,HARINA,MONTEVIDEO,2020-09-24,11:46,2020-09-27,4:46,5057.28,15.1,15,DESPACHADO
MOV-00519,B-024,,R-03,MUELLE-C,TRIGO,SANTA FE,2024-11-02,9:32,2024-11-05,23:51,3989.26,12.5,12,DESPACHADO
MOV-00520,B-004,YANG-MING,R-04,MUELLE-B,TRIGO,SAO PAULO,2021-10-07,22:07,2021-10-10,2:33,5502.66,15.4,15,EN_REVISION
MOV-00521,B-015,,R-07,MUELLE-A,SOJA,BUENOS AIRES,2020-07-14,14:32,00/00/0000,sin dato,5056.37,9.3,12,RECHAZADO
MOV-00522,B-022,HAPAG-SUR,R-08,MUELLE-C,HARINA,BUENOS AIRES,2021-03-13,12:23,2021-03-15,09:58 AM,7149.75,8.9,15,RECHAZADO
MOV-00523,B-011,ONE-PARANA,R-03,MUELLE-A,TRIGO,HAMBURG,2021-06-06,AB:CD,2021-06-07,02:40 PM,4362.87,14.7,10,EN_REVISION
MOV-00524,B-003,ONE-PARANA,R-01,MUELLE-E,TRIGO,SHANGHAI,2022-03-02,4:43,2022-03-04,03:31 AM,3685.67,14.5,10,RECHAZADO
MOV-00525,B-014,ONE-PLATA,R-05,MUELLE-C,GRANOS,BUENOS AIRES,2022-07-05,6:21,2022-07-07,18:51,4492.04,,15,PENDIENTE
MOV-00526,B-038,COSCO-STAR,R-05,MUELLE-C,MAIZ,SANTA FE,2022-04-05,19:45,2022-04-08,2:24,6584.87,11.8,10,RECHAZADO
MOV-00527,B-037,ZIM-DELTA,R-03,MUELLE-C,SOJA,VALPARAISO,2023-06-21,6:11,2023-06-22,06:18 AM,5350.2,146.9,15,DESPACHADO
MOV-00528,B-029,HAPAG-RIO,R-04,MUELLE-C,TRIGO,SAO PAULO,2023-08-24,7:57,2023-08-27,23:50,4216.15,8.4,12,EN_REVISION
MOV-00529,B-038,EVERGREEN-02,R-03,MUELLE-D,HARINA,BUENOS AIRES,2020-05-29,6:00,2020-05-31,12:06 PM,4010.44,10.8,15,RECHAZADO
MOV-00530,B-018,EVER-GLORY,R-01,MUELLE-B,MINERALES,SAO PAULO,2023-05-14,12:58,2023-05-16,21-11,7344.61,12.2,12,DESPACHADO
MOV-00531,B-039,COSCO-STAR,R-06,MUELLE-A,MINERALES,ROTTERDAM,2022-06-26,20:26,2022-06-27,11:59 AM,5949.43,9.2,15,
MOV-00532,B-006,HAPAG-SUR,,MUELLE-D,GRANOS,MONTEVIDEO,2022-12-09,21:34,2022-12-11,08:11 AM,5112.45,9.7,12,DESPACHADO
MOV-00533,B-011,MAERSK-LIMA,R-02,MUELLE-E,MAIZ,SANTA FE,2024-08-16,16:42,2024-08-18,3:27,6519.15,15.2,10,RECHAZADO
MOV-00534,B-007,MAERSK-PAMPAS,R-05,MUELLE-C,GRANOS,SAO PAULO,2022-03-26,15:34,2022-03-27,10:29,5254.62,14.2,10,RECHAZADO
MOV-00535,B-011,PIL-OESTE,R-06,muelle  f!!,MINERALES,HAMBURG,2024-11-26,26:36:00,2024-11-27,0:35,5119.18,6.0,10,PENDIENTE
MOV-00536,B-026,@#$%,R-04,MUELLE-D,MAIZ,SANTA FE,2020-06-21,21:53,2020-06-22,12:01 PM,5106.31,9.1,10,EN_REVISION
MOV-00537,B-005,PIL-OESTE,R-03,MUELLE-C,CONTENEDORES,HAMBURG,2021-07-03,7:27,2021-07-04,5:44,3612.38,10.7,15,DESPACHADO
MOV-00538,B-020,YANG-ESTE,R-06,MUELLE-F,SOJA,BUENOS AIRES,2022-07-26,1:44,2022-07-28,16:43,4038.43,15.5,15,EN_REVISION
MOV-00539,B-040,ZIM-NORTE,R-08,MUELLE-D,MAIZ,ROTTERDAM,2021-10-17,AB:CD,2021-10-18,07:12 PM,4863.75,10.3,10,RECHAZADO
MOV-00540,B-022,CMA-LITORAL,R-01,MUELLE-A,SOJA,MONTEVIDEO,2021-12-02,11:17,2021-12-03,9:24,5603.25,10.9,15,EN_REVISION
MOV-00541,B-035,PIL-OESTE,R-02,MUELLE-C,CONTENEDORES,MONTEVIDEO,2021-01-17,17:48,2021-01-19,11:11 AM,6590.74,14.2,12,EN_REVISION
MOV-00542,B-026,EVERGREEN-02,R-06,MUELLE-A,MINERALES,VALPARAISO,2023-06-03,10:48,00/00/0000,9:32,6458.48,10.8,10,RECHAZADO
MOV-00543,B-016,PIL-SANTA,R-01,MUELLE-A,ACEITE,SAO PAULO,2020-08-08,10:52,2020-08-10,22:14,,14.5,12,RECHAZADO
MOV-00544,B-007,YANG-MING,R-02,MUELLE-A,ACEITE,MONTEVIDEO,2023-11-26,27:08:00,2023-11-29,7:34,3907.86,14.5,10,RECHAZADO
MOV-00545,B-021,PIL-OESTE,R-07,MUELLE-D,MINERALES,VALPARAISO,2021-11-22,16:21,2021-11-24,21:28,5425.37,10.8,15,EN_REVISION
MOV-00546,B-001,EVER-GLORY,R-01,MUELLE-B,HARINA,SHANGHAI,2021-04-29,4:41,00/00/0000,15:44,2890.2,8.8,10,PENDIENTE
MOV-00547,B-032,CMA-ROSARIO,R-08,MUELLE-F,TRIGO,ROTTERDAM,2021-08-22,20:26,2021-08-23,11:09 AM,6703.22,8.9,15,RECHAZADO
MOV-00548,B-039,CMA-ROSARIO,R-01,MUELLE-F,HARINA,BUENOS AIRES,2022-11-30,7:26,2022-12-01,24:00:00,4890.22,12.3,10,DESPACHADO
MOV-00549,B-009,COSCO-TIGRE,R-03,MUELLE-E,GRANOS,SHANGHAI,2024-02-28,14:24,2024-03-01,07:39 AM,3945.23,9.6,15,PENDIENTE
MOV-00550,B-021,HAPAG-RIO,R-03,MUELLE-B,TRIGO,ROTTERDAM,2023-09-08,18:04,2023-09-10,0:16,6873.36,10.7,12,PENDIENTE
MOV-00551,B-015,HAPAG-RIO,R-07,MUELLE-C,TRIGO,SANTA FE,2023-06-05,22:46,2023-06-06,07:43 AM,4936.35,14.3,12,EN_REVISION
MOV-00552,B-021,CMA-ROSARIO,R-04,MUELLE-B,MAIZ,SANTA FE,2024-06-07,23:55,2024-06-08,14:31,5756.92,14.1,15,DESPACHADO
MOV-00553,B-012,,R-07,muelle  a!!,GRANOS,SAO PAULO,2023-08-14,2:52,2023-08-15,10:38,4821.04,14.5,12,DESPACHADO
MOV-00554,B-031,PIL-SANTA,R-04,MUELLE-A,TRIGO,SANTA FE,2023-04-30,15:05,2023-05-01,14:25,5497.84,11.9,15,RECHAZADO
MOV-00555,B-009,HAPAG-RIO,R-01,MUELLE-A,GRANOS,HAMBURG,2024-04-05,14:59,2024-04-07,N/A,4701.7,7.6,15,PENDIENTE
MOV-00556,B-019,MSC-GENOVA,R-07,MUELLE-F,MAIZ,SHANGHAI,2020-11-03,19:18,2020-11-05,12:59,4053.49,10.8,10,DESPACHADO
MOV-00557,B-032,MSC-GENOVA,R-02,MUELLE-B,MINERALES,BUENOS AIRES,2023-01-30,10:34,2023-02-01,11:50 PM,4799.25,15.1,12,PENDIENTE
MOV-00558,B-040,EVER-GLORY,R-08,muelle  f!!,SOJA,ROTTERDAM,2020-09-23,4:55,2020-09-24,06:52 PM,5165.16,,10,RECHAZADO
MOV-00559,B-037,cma litoral!!,R-06,muelle  d!!,HARINA,BUENOS AIRES,2022-01-31,9:27,2022-02-01,01:11 AM,3310.98,13.6,12,EN_REVISION
MOV-00560,B-015,MAERSK-LIMA,R-08,MUELLE-D,HARINA,BUENOS AIRES,2020-01-27,16:06,29-01-2020,49:21:00,5760.5,15.1,15,RECHAZADO
MOV-00561,B-024,ONE-PLATA,R-05,MUELLE-D,HARINA,SAO PAULO,2020-02-05,18:27,2020-02-06,N/A,5850.36,16.2,10,RECHAZADO
MOV-00562,B-017,maersk pampas!!,,MUELLE-D,MAIZ,BUENOS AIRES,2023-12-03,15:01,2023-12-03,8:31 AM,3741.04,10.1,10,EN_REVISION
MOV-00563,B-016,ZIM-NORTE,R-02,MUELLE-F,HARINA,SANTA FE,2021-10-10,5:02,2021-10-11,____,5018.51,22.4,10,EN_REVISION
MOV-00564,B-036,YANG-MING,R-02,MUELLE-D,CONTENEDORES,BUENOS AIRES,2022-09-20,15:36,2022-09-22,20:13,5207.39,14.4,10,PENDIENTE
MOV-00565,B-009,MSC-GENOVA,R-04,MUELLE-D,GRANOS,HAMBURG,2023-09-15,21:42,2023-09-16,07:12 PM,5971.9,13.9,10,PENDIENTE
MOV-00566,B-006,CMA-LITORAL,R-01,MUELLE-F,HARINA,SANTA FE,2021-09-14,17:08,2021-09-15,16:19,-4154.38,,12,DESPACHADO
MOV-00567,B-012,ONE-PARANA,,MUELLE-E,SOJA,VALPARAISO,2020-11-19,16:57,2020-11-22,3:40,6455.2,14.4,10,RECHAZADO
MOV-00568,B-017,COSCO-STAR,R-07,MUELLE-A,ACEITE,ROTTERDAM,2020-12-28,15:18,2020-12-29,10:44 AM,3480.58,12.1,10,DESPACHADO
MOV-00569,B-017,YANG-ESTE,R-07,MUELLE-A,HARINA,HAMBURG,2023-02-22,10:06,2023-02-24,4:28,5752.97,14.6,10,EN_REVISION
MOV-00570,B-009,,R-07,MUELLE-D,MAIZ,HAMBURG,2020-07-01,9:04,2020-07-02,22:22,3506.47,13.9,10,DESPACHADO
MOV-00571,B-016,EVER-GLORY,R-05,MUELLE-C,SOJA,ROTTERDAM,2022-01-07,8:48,2022-01-09,N/A,5346.31,7.4,10,EN_REVISION
MOV-00572,B-017,YANG-ESTE,R-01,MUELLE-E,GRANOS,ROTTERDAM,2020-06-12,14:17,2020-06-14,06:06 PM,5336.4,10.5,12,RECHAZADO
MOV-00573,B-033,COSCO-TIGRE,R-05,MUELLE-F,SOJA,SHANGHAI,2020-04-10,3:07,2020-04-11,07:10 AM,2167.13,7.6,15,EN_REVISION
MOV-00574,B-026,ONE-PARANA,R-07,MUELLE-C,TRIGO,ROTTERDAM,2022-02-01,19:03,2022-02-03,5:33,6277.43,14.3,12,PENDIENTE
MOV-00575,B-032,MAERSK-PAMPAS,R-01,MUELLE-C,CONTENEDORES,VALPARAISO,2021-10-06,13:55,2021-10-08,7:54,7113.07,12.5,12,PENDIENTE
MOV-00576,B-009,HAPAG-RIO,R-07,MUELLE-C,HARINA,SANTA FE,11/12/2021,7:59,2021-12-11,5:34,4138.91,13.6,15,DESPACHADO
MOV-00577,B-002,MAERSK-LIMA,R-02,MUELLE-B,HARINA,BUENOS AIRES,2024-07-27,8:34,30-07-2024,sin dato,2762.06,17.8,15,DESPACHADO
MOV-00578,B-001,PIL-SANTA,R-08,MUELLE-B,CONTENEDORES,VALPARAISO,2024-02-04,3:58,2024-02-05,84:35:00,4186.75,9.6,10,PENDIENTE
MOV-00579,B-020,CMA-ROSARIO,R-02,MUELLE-F,TRIGO,SHANGHAI,2020-04-06,1:43,2020-04-08,03:06 PM,3702.29,15.8,12,EN_REVISION
MOV-00580,B-040,COSCO-STAR,R-08,MUELLE-D,CONTENEDORES,SAO PAULO,29/02/2024,5:31,2024-03-01,01:46 PM,4116.11,8.3,15,PENDIENTE
MOV-00581,B-013,EVER-GLORY,R-07,MUELLE-E,TRIGO,SHANGHAI,02/10/2024,7:56,2024-10-04,08:45 PM,4732.8,18.3,12,PENDIENTE
MOV-00582,B-024,PIL-SANTA,R-05,MUELLE-D,GRANOS,SAO PAULO,21/03/2021,14:45,2021-03-22,12:04 PM,4486.0,8.8,15,EN_REVISION
MOV-00583,B-038,ONE-PLATA,R-03,MUELLE-F,GRANOS,VALPARAISO,2020-08-02,8:53,2020-08-04,06:18 PM,3142.91,12.5,12,EN_REVISION
MOV-00584,B-007,,,MUELLE-F,MINERALES,SANTA FE,2021-03-06,5:33,2021-03-09,59:58:00,56303.08,11.2,15,RECHAZADO
MOV-00585,B-039,ZIM-NORTE,R-08,MUELLE-F,CONTENEDORES,BUENOS AIRES,2022-02-02,12:50,2022-02-03,17:32,2884.36,10.4,10,DESPACHADO
MOV-00586,B-038,MSC-ALPHA,R-02,MUELLE-A,GRANOS,SAO PAULO,2020-01-08,AB:CD,2020-01-10,19-12,,13.3,10,DESPACHADO
MOV-00587,B-006,ZIM-DELTA,R-05,MUELLE-A,MINERALES,SHANGHAI,32/13/2021,19:30,2021-07-05,20:07,3217.76,15.3,15,DESPACHADO
MOV-00588,B-034,PIL-OESTE,R-02,MUELLE-D,MINERALES,BUENOS AIRES,2021-01-04,11:29,05-01-2021,23:39,7122.59,13.0,12,
MOV-00589,B-006,ZIM-NORTE,R-01,MUELLE-E,ACEITE,MONTEVIDEO,2021-10-05,3:29,2021-10-07,04:18 AM,5240.62,9.2,15,DESPACHADO
MOV-00590,B-010,YANG-ESTE,,MUELLE-C,SOJA,HAMBURG,2024-01-16,23:23,2024-01-18,12:50 AM,107797.79,6.3,12,DESPACHADO
MOV-00591,B-004,COSCO-STAR,R-07,MUELLE-B,ACEITE,ROTTERDAM,2024-08-21,4:17,2024-08-23,1:42,6267.37,11.0,10,EN_REVISION
MOV-00592,B-005,COSCO-TIGRE,R-06,MUELLE-A,MINERALES,BUENOS AIRES,2023-11-30,1:05,2023-11-30,11:32 AM,5649.42,5.0,15,DESPACHADO
MOV-00593,B-013,EVER-GLORY,R-01,MUELLE-D,SOJA,ROTTERDAM,2021-06-09,22:53,2021-06-10,08:59 PM,4951.24,11.7,12,EN_REVISION
MOV-00594,B-008,MAERSK-PAMPAS,R-02,MUELLE-E,MAIZ,HAMBURG,12/03/2021,23:49,2021-03-13,00-19,5738.98,6.8,10,PENDIENTE
MOV-00595,B-022,CMA-ROSARIO,R-07,MUELLE-E,GRANOS,ROTTERDAM,2022-05-29,14:12,2022-05-30,09:53 AM,6271.99,11.6,15,EN_REVISION
MOV-00596,B-029,CMA-LITORAL,R-05,muelle  f!!,GRANOS,ROTTERDAM,2022-01-15,12:10,16-01-2022,01:49 AM,3970.19,198.8,10,EN_REVISION
MOV-00597,B-033,COSCO-TIGRE,R-02,MUELLE-E,GRANOS,MONTEVIDEO,32/13/2021,12:03,2023-10-29,06:51 AM,-4594.8,7.6,12,EN_REVISION
MOV-00598,B-004,MSC-GENOVA,R-03,MUELLE-D,GRANOS,BUENOS AIRES,2021-01-09,11:51,2021-01-11,0:23,5639.34,13.3,15,EN_REVISION
MOV-00599,B-005,EVER-GLORY,R-01,MUELLE-D,HARINA,SAO PAULO,2023-03-31,3:00,2023-04-01,13:36,5026.92,11.5,15,EN_REVISION
MOV-00600,B-023,EVERGREEN-02,R-04,MUELLE-C,ACEITE,MONTEVIDEO,2022-04-14,15:36,2022-04-14,08:7,4704.18,12.9,10,DESPACHADO
MOV-00601,B-013,PIL-OESTE,R-05,MUELLE-C,ACEITE,SAO PAULO,02/04/2024,28:13:00,2024-04-04,04:44 PM,6393.93,12.1,12,DESPACHADO
MOV-00602,B-010,,R-04,muelle  c!!,ACEITE,BUENOS AIRES,2020-03-22,20:57,2020-03-25,20:15,7102.2,12.5,15,DESPACHADO
MOV-00603,B-022,cma litoral!!,R-06,MUELLE-E,MINERALES,SHANGHAI,2024-04-28,13:19,2024-04-29,21:53,6371.5,14.1,15,PENDIENTE
MOV-00604,B-029,maersk lima!!,R-02,MUELLE-C,MAIZ,SAO PAULO,2020-07-21,20:50,2020-07-22,02:07 PM,5536.2,14.9,10,DESPACHADO
MOV-00605,B-021,PIL-OESTE,R-08,MUELLE-F,MINERALES,MONTEVIDEO,2020-04-13,10:58,2020-04-14,19:36,3934.37,14.4,15,DESPACHADO
MOV-00606,B-009,HAPAG-RIO,R-08,MUELLE-B,GRANOS,SANTA FE,2020-09-18,20:59,2020-09-20,1:56,3426.96,10.7,15,PENDIENTE
MOV-00607,B-009,MSC-GENOVA,R-03,MUELLE-A,TRIGO,SANTA FE,2024-10-11,4:08,2024-10-13,09:37 PM,6708.82,10.2,10,EN_REVISION
MOV-00608,B-039,ZIM-DELTA,R-08,MUELLE-D,MINERALES,SHANGHAI,2021-04-04,4:49,2021-04-04,12:14,5442.13,11.2,15,
MOV-00609,B-016,ZIM-NORTE,R-05,MUELLE-A,CONTENEDORES,ROTTERDAM,2020-08-30,13:31,2020-08-30,1:22,5288.11,13.0,10,PENDIENTE
MOV-00610,B-020,PIL-OESTE,R-05,MUELLE-C,HARINA,SANTA FE,2023-11-03,9:38,2023-11-04,10:06 AM,6167.84,11.4,10,RECHAZADO
MOV-00611,B-022,ZIM-NORTE,R-06,MUELLE-C,MAIZ,BUENOS AIRES,2023-11-08,19:06,2023-11-11,19:20 XM,3632.79,11.3,15,DESPACHADO
MOV-00612,B-024,EVER-GLORY,R-06,MUELLE-E,TRIGO,SAO PAULO,2024-07-14,22:15,2024-07-15,19:00,4945.59,14.0,10,PENDIENTE
MOV-00613,B-018,@#$%,R-04,MUELLE-C,TRIGO,ROTTERDAM,2022-03-15,12:59,2022-03-18,14:23,83204.04,8.4,12,EN_REVISION
MOV-00614,B-026,YANG-ESTE,R-03,MUELLE-C,ACEITE,ROTTERDAM,2024-10-13,7:00,2024-10-15,02:42 PM,4580.32,15.1,10,RECHAZADO
MOV-00615,B-008,YANG-MING,R-06,MUELLE-C,TRIGO,SANTA FE,07/04/2021,3:58,2021-04-07,84:48:00,4226.99,11.1,12,RECHAZADO
MOV-00616,B-018,HAPAG-RIO,R-07,MUELLE-E,MINERALES,VALPARAISO,2022-10-17,1:07,2022-10-19,4:29,5970.23,8.4,15,EN_REVISION
MOV-00617,B-001,MAERSK-LIMA,R-05,MUELLE-A,GRANOS,SHANGHAI,2020-02-20,11:20,23-02-2020,14:49,6084.97,,10,PENDIENTE
MOV-00618,B-008,ONE-PARANA,R-07,MUELLE-E,SOJA,HAMBURG,2022-02-13,30:11:00,2022-02-15,10:37 AM,5669.69,10.9,10,PENDIENTE
MOV-00619,B-010,HAPAG-RIO,R-03,MUELLE-F,MINERALES,SAO PAULO,2020-01-03,9:23,2020-01-06,06:19 AM,6280.82,9.5,10,PENDIENTE
MOV-00620,B-008,ONE-PLATA,R-03,MUELLE-B,CONTENEDORES,SANTA FE,2020-07-23,11:41,2020-07-24,null,5616.84,12.1,12,DESPACHADO
MOV-00621,B-010,ONE-PARANA,R-04,MUELLE-F,MAIZ,MONTEVIDEO,2020-08-05,19:18,2020-08-07,13:06,6251.54,10.3,15,PENDIENTE
MOV-00622,B-004,COSCO-TIGRE,R-04,MUELLE-F,MINERALES,SAO PAULO,2021-07-10,12:43,13-07-2021,8:30,5363.36,10.8,10,DESPACHADO
MOV-00623,B-019,COSCO-TIGRE,R-04,MUELLE-E,MINERALES,SHANGHAI,2020-04-02,11:20,2020-04-03,03:54 PM,,13.9,12,RECHAZADO
MOV-00624,B-014,PIL-OESTE,R-06,MUELLE-D,MINERALES,SHANGHAI,2020-02-07,8:10,2020-02-09,04:01 PM,7011.49,14.0,10,PENDIENTE
MOV-00625,B-003,PIL-OESTE,R-08,MUELLE-B,SOJA,MONTEVIDEO,2024-06-22,19:49,2024-06-23,13:31,3622.27,12.2,10,RECHAZADO
MOV-00626,B-020,,R-02,MUELLE-E,SOJA,ROTTERDAM,2023-10-08,23:50,2023-10-10,07:15 AM,4891.53,12.7,15,EN_REVISION
MOV-00627,B-036,@#$%,R-07,MUELLE-C,HARINA,ROTTERDAM,2022-07-10,9:56,2022-07-11,9:09,3729.28,14.3,15,RECHAZADO
MOV-00628,B-030,CMA-LITORAL,R-02,MUELLE-A,ACEITE,MONTEVIDEO,2022-01-29,18:29,2022-01-29,1:42 AM,5138.88,14.0,15,RECHAZADO
MOV-00629,B-027,MAERSK-PAMPAS,R-04,MUELLE-C,ACEITE,VALPARAISO,2024-05-27,2:50,2024-05-28,12:26 PM,4969.82,9.4,12,EN_REVISION
MOV-00630,B-036,HAPAG-RIO,R-03,MUELLE-B,GRANOS,SHANGHAI,2021-03-23,18:42,2021-03-26,11:30 AM,6331.02,15.5,15,RECHAZADO
MOV-00631,B-023,ONE-PARANA,R-05,muelle  f!!,CONTENEDORES,SHANGHAI,2020-03-17,7:00,2020-03-17,3:45 AM,3430.69,12.7,10,EN_REVISION
MOV-00632,B-023,ONE-PLATA,R-07,MUELLE-B,ACEITE,SHANGHAI,2024-07-09,2:59,2024-07-10,sin dato,6488.59,11.1,12,RECHAZADO
MOV-00633,B-009,EVER-GLORY,R-04,muelle  b!!,HARINA,HAMBURG,2020-08-08,0:19,2020-08-09,7:52,5500.19,14.8,15,EN_REVISION
MOV-00634,B-038,EVER-GLORY,R-03,MUELLE-F,SOJA,HAMBURG,2021-01-20,1:19,2021-01-21,9:41,5336.11,11.3,12,RECHAZADO
MOV-00635,B-009,ONE-PLATA,R-03,MUELLE-E,TRIGO,SANTA FE,2020-08-08,6:13,2020-08-08,4:51,-806.08,12.3,15,PENDIENTE
MOV-00636,B-004,,R-05,MUELLE-F,ACEITE,SAO PAULO,2024-02-13,18:35,15-02-2024,12:33 AM,7287.75,15.1,10,DESPACHADO
MOV-00637,B-011,HAPAG-RIO,R-03,MUELLE-C,GRANOS,SHANGHAI,2024-08-29,8:42,2024-08-31,4:31,2712.13,14.3,12,DESPACHADO
MOV-00638,B-029,CMA-ROSARIO,R-08,MUELLE-F,MAIZ,SHANGHAI,2024-07-01,18:50,2024-07-03,17:21,5446.59,14.4,10,DESPACHADO
MOV-00639,B-033,EVER-GLORY,R-04,MUELLE-F,ACEITE,ROTTERDAM,32/13/2021,1:55,2022-07-21,01:29 PM,3777.78,6.5,10,DESPACHADO
MOV-00640,B-025,PIL-SANTA,R-04,MUELLE-B,MINERALES,MONTEVIDEO,2020-10-22,3:24,2020-10-23,5:37 PM,7345.88,12.8,10,PENDIENTE
MOV-00641,B-034,HAPAG-SUR,R-06,MUELLE-A,HARINA,HAMBURG,2023-06-11,21:24,2023-06-14,13:30,5057.99,11.6,12,DESPACHADO
MOV-00642,B-032,HAPAG-SUR,R-06,MUELLE-B,MAIZ,SHANGHAI,2021-12-16,17:05,2021-12-17,12:52 PM,5488.82,12.1,12,PENDIENTE
MOV-00643,B-028,ZIM-DELTA,R-08,MUELLE-F,MAIZ,ROTTERDAM,2024-04-13,5:02,2024-04-15,null,5890.49,7.7,15,PENDIENTE
MOV-00644,B-006,,R-03,MUELLE-A,MAIZ,BUENOS AIRES,2023-12-27,AB:CD,2023-12-28,____,4992.63,8.4,10,EN_REVISION
MOV-00645,B-012,PIL-OESTE,R-08,MUELLE-D,MINERALES,SAO PAULO,2023-07-30,12:18,2023-08-01,22:18,2942.09,11.3,12,EN_REVISION
MOV-00646,B-035,one parana!!,R-02,MUELLE-C,MINERALES,BUENOS AIRES,2024-08-17,13:37,2024-08-19,16:38,3369.33,12.7,10,DESPACHADO
MOV-00647,B-011,ZIM-NORTE,R-06,MUELLE-B,CONTENEDORES,SAO PAULO,2024-07-16,5:17,00/00/0000,03:01 PM,6695.84,12.1,12,DESPACHADO
MOV-00648,B-028,ZIM-DELTA,R-04,MUELLE-B,TRIGO,ROTTERDAM,2020-06-19,16:21,2020-06-20,09:31 PM,5305.29,15.4,15,PENDIENTE
MOV-00649,B-039,CMA-ROSARIO,R-02,MUELLE-F,TRIGO,SHANGHAI,2022-12-18,15:20,2022-12-18,66:27:00,3423.65,13.0,10,PENDIENTE
MOV-00650,B-039,CMA-LITORAL,R-07,MUELLE-A,MINERALES,BUENOS AIRES,2023-08-10,7:34,00/00/0000,10:23,6228.3,11.4,15,EN_REVISION
MOV-00651,B-020,YANG-ESTE,,MUELLE-C,ACEITE,SAO PAULO,2024-04-13,14:47,2024-04-15,18:42,4197.53,,10,EN_REVISION
MOV-00652,B-032,PIL-SANTA,R-06,MUELLE-F,HARINA,ROTTERDAM,2024-06-30,16:54,2024-07-02,21:49,6274.3,13.6,15,EN_REVISION
MOV-00653,B-033,COSCO-TIGRE,R-01,MUELLE-C,MAIZ,BUENOS AIRES,2020-03-21,12:25,23-03-2020,22:52,5338.36,13.4,12,DESPACHADO
MOV-00654,B-035,ZIM-NORTE,R-04,MUELLE-E,MINERALES,VALPARAISO,2020-01-30,4:59,2020-02-01,5:28,,11.0,10,DESPACHADO
MOV-00655,B-037,ONE-PARANA,R-08,MUELLE-E,HARINA,ROTTERDAM,2024-01-16,0:41,2024-01-16,07:29 AM,3714.72,10.5,12,RECHAZADO
MOV-00656,B-018,,R-07,MUELLE-E,CONTENEDORES,SHANGHAI,2024-05-31,4:07,2024-06-02,2:36,4894.15,12.8,10,PENDIENTE
MOV-00657,B-031,COSCO-TIGRE,R-05,MUELLE-E,HARINA,SHANGHAI,2020-12-15,3:54,2020-12-16,20:53,3668.27,109.9,12,EN_REVISION
MOV-00658,B-031,ZIM-DELTA,R-03,MUELLE-F,MINERALES,HAMBURG,2023-01-22,23:15,2023-01-24,20:02,4148.82,13.1,15,PENDIENTE
MOV-00659,B-004,ONE-PLATA,R-01,MUELLE-C,HARINA,BUENOS AIRES,2021-04-16,11:40,2021-04-17,10:18,4025.69,12.8,12,EN_REVISION
MOV-00660,B-022,ZIM-DELTA,,MUELLE-E,GRANOS,SAO PAULO,2024-11-24,2:44,2024-11-25,19:46,5595.41,13.5,10,PENDIENTE
MOV-00661,B-021,COSCO-STAR,R-06,MUELLE-B,SOJA,HAMBURG,2021-11-01,23:14,2021-11-04,19:17,3097.93,15.1,10,EN_REVISION
MOV-00662,B-020,ZIM-DELTA,R-04,MUELLE-D,MAIZ,VALPARAISO,2020-04-17,19:37,2020-04-18,7:54,4123.79,9.7,12,RECHAZADO
MOV-00663,B-019,COSCO-TIGRE,R-05,MUELLE-F,HARINA,HAMBURG,2024-08-14,15:21,2024-08-16,1:02,3575.34,13.5,12,EN_REVISION
MOV-00664,B-039,CMA-LITORAL,R-02,MUELLE-D,GRANOS,SHANGHAI,2024-07-18,3:50,2024-07-19,03:35 PM,5809.08,10.8,12,EN_REVISION
MOV-00665,B-032,ZIM-NORTE,R-02,MUELLE-C,ACEITE,SANTA FE,2023-03-19,20:54,2023-03-20,9:40,4873.57,7.9,15,DESPACHADO
MOV-00666,B-001,MSC-ALPHA,R-04,MUELLE-B,CONTENEDORES,SANTA FE,2020-06-12,0:15,2020-06-15,43:17:00,5642.65,13.5,15,DESPACHADO
MOV-00667,B-009,YANG-MING,R-04,MUELLE-F,MINERALES,SAO PAULO,2024-06-16,16:31,2024-06-17,9:07,5996.63,13.2,15,RECHAZADO
MOV-00668,B-028,COSCO-STAR,R-06,MUELLE-F,HARINA,HAMBURG,2024-08-07,12:15,2024-08-10,12:09 AM,5928.52,,12,PENDIENTE
MOV-00669,B-025,MAERSK-PAMPAS,R-01,MUELLE-C,TRIGO,VALPARAISO,2021-06-09,2:52,2021-06-11,12:40 PM,,11.6,12,PENDIENTE
MOV-00670,B-001,CMA-ROSARIO,R-08,muelle  b!!,GRANOS,VALPARAISO,2024-10-21,16:55,2024-10-22,0:41,4182.22,12.2,10,PENDIENTE
MOV-00671,B-001,pil oeste!!,R-03,MUELLE-B,HARINA,HAMBURG,2020-08-17,22:15,2020-08-19,14:58,6387.27,8.4,12,EN_REVISION
MOV-00672,B-003,,R-05,muelle  b!!,SOJA,HAMBURG,2022-01-05,16:14,00/00/0000,12:14 AM,3760.95,11.0,15,PENDIENTE
MOV-00673,B-026,CMA-ROSARIO,R-06,MUELLE-C,MAIZ,SANTA FE,2020-06-23,30:44:00,2020-06-25,2:22,7118.7,14.4,10,EN_REVISION
MOV-00674,B-040,YANG-MING,R-02,MUELLE-F,MAIZ,MONTEVIDEO,2024-02-04,23:35,2024-02-07,11:34 AM,3707.58,179.9,15,EN_REVISION
MOV-00675,B-040,,R-01,MUELLE-B,HARINA,ROTTERDAM,2022-08-30,0:09,2022-09-01,7:50,5955.02,13.7,10,RECHAZADO
MOV-00676,B-031,YANG-ESTE,R-06,MUELLE-A,GRANOS,BUENOS AIRES,2020-01-26,0:51,2020-01-28,11:09 AM,5044.85,14.7,15,RECHAZADO
MOV-00677,B-017,MSC-ALPHA,R-05,MUELLE-F,CONTENEDORES,BUENOS AIRES,2022-08-28,0:29,2022-08-29,06:04 PM,5556.49,13.2,10,RECHAZADO
MOV-00678,B-002,PIL-OESTE,R-05,MUELLE-C,MINERALES,HAMBURG,2021-01-09,13:41,2021-01-11,7:40,4817.61,12.5,15,PENDIENTE
MOV-00679,B-007,PIL-OESTE,R-02,MUELLE-C,SOJA,MONTEVIDEO,2021-08-07,23:38,2021-08-10,04:59 PM,-2424.96,11.2,15,RECHAZADO
MOV-00680,B-006,PIL-OESTE,R-02,MUELLE-E,GRANOS,HAMBURG,2022-06-14,9:02,2022-06-14,08:59 AM,3865.87,9.3,10,EN_REVISION
MOV-00681,B-003,ONE-PLATA,R-03,MUELLE-A,TRIGO,ROTTERDAM,2024-10-18,0:10,2024-10-18,10:34 AM,-4898.96,13.9,15,EN_REVISION
MOV-00682,B-038,MAERSK-LIMA,R-01,MUELLE-A,SOJA,BUENOS AIRES,2023-04-02,2:24,2023-04-03,2:38,6573.54,15.7,10,EN_REVISION
MOV-00683,B-036,MAERSK-PAMPAS,R-08,MUELLE-C,CONTENEDORES,SAO PAULO,2022-11-20,8:43,2022-11-21,1:33,7570.24,14.1,15,DESPACHADO
MOV-00684,B-002,ONE-PARANA,R-05,MUELLE-F,GRANOS,BUENOS AIRES,2022-04-25,13:01,2022-04-28,17:22,5586.76,16.9,12,EN_REVISION
MOV-00685,B-006,ONE-PLATA,R-03,MUELLE-B,TRIGO,HAMBURG,2020-10-15,1:33,2020-10-17,21:57,5668.77,,12,EN_REVISION
MOV-00686,B-036,CMA-ROSARIO,R-06,muelle  a!!,SOJA,ROTTERDAM,2021-12-09,18:01,2021-12-11,04:26 AM,3540.92,,12,DESPACHADO
MOV-00687,B-009,PIL-OESTE,R-07,MUELLE-A,ACEITE,BUENOS AIRES,2024-01-04,11:00,2024-01-07,08:50 AM,7556.35,13.2,15,PENDIENTE
MOV-00688,B-025,MSC-GENOVA,R-02,MUELLE-E,SOJA,SHANGHAI,2024-06-23,20:13,2024-06-25,05:20 AM,6410.0,12.2,15,PENDIENTE
MOV-00689,B-027,COSCO-TIGRE,R-06,MUELLE-F,CONTENEDORES,MONTEVIDEO,2024-12-05,14:56,2024-12-07,20:02,4921.91,13.2,15,PENDIENTE
MOV-00690,B-020,CMA-ROSARIO,R-03,MUELLE-B,ACEITE,VALPARAISO,2024-12-04,23:48,2024-12-07,1:26,4635.96,128.0,12,PENDIENTE
MOV-00691,B-040,HAPAG-SUR,R-04,MUELLE-E,SOJA,MONTEVIDEO,2021-04-23,9:14,2021-04-25,1:40,5013.72,,12,RECHAZADO
MOV-00692,B-012,COSCO-STAR,R-03,MUELLE-C,HARINA,SAO PAULO,2024-11-02,0:07,2024-11-04,05:40 PM,6679.2,14.4,10,EN_REVISION
MOV-00693,B-038,YANG-ESTE,R-01,MUELLE-A,SOJA,VALPARAISO,2024-07-23,3:15,2024-07-23,6:04,5762.62,11.2,12,DESPACHADO
MOV-00694,B-033,PIL-SANTA,R-02,MUELLE-E,HARINA,HAMBURG,2020-09-03,2:13,2020-09-05,07:08 AM,6818.8,7.0,15,EN_REVISION
MOV-00695,B-028,MSC-GENOVA,R-02,MUELLE-E,MINERALES,MONTEVIDEO,2023-07-21,12:16,2023-07-24,21:07,129826.89,9.2,15,PENDIENTE
MOV-00696,B-033,EVER-GLORY,R-01,MUELLE-B,HARINA,VALPARAISO,32/13/2021,5:52,2021-01-17,01:28 PM,5193.5,10.5,12,PENDIENTE
MOV-00697,B-024,CMA-ROSARIO,R-02,MUELLE-C,GRANOS,BUENOS AIRES,2020-05-28,0:30,2020-05-28,19:29,6762.82,8.6,12,RECHAZADO
MOV-00698,B-015,,R-01,MUELLE-C,SOJA,ROTTERDAM,2020-04-05,4:06,2020-04-07,05:01 PM,5409.92,9.6,10,
MOV-00699,B-008,PIL-SANTA,R-08,MUELLE-D,HARINA,MONTEVIDEO,2024-10-18,3:20,2024-10-20,08:20 PM,2819.93,11.8,12,RECHAZADO
MOV-00700,B-003,yang este!!,R-08,MUELLE-B,TRIGO,ROTTERDAM,2024-04-02,23:53,2024-04-05,06:49 AM,6202.11,16.3,12,DESPACHADO
MOV-00701,B-031,EVER-GLORY,R-04,MUELLE-A,MINERALES,SHANGHAI,2024-12-24,14:18,2024-12-25,02:17 PM,6461.58,11.5,10,EN_REVISION
MOV-00702,B-027,MAERSK-PAMPAS,R-05,MUELLE-B,GRANOS,HAMBURG,2024-10-26,22:13,2024-10-28,96:34:00,4727.47,10.5,10,RECHAZADO
MOV-00703,B-026,PIL-OESTE,R-04,MUELLE-B,GRANOS,SHANGHAI,2024-06-02,0:43,2024-06-04,11:54 PM,5159.54,9.7,12,EN_REVISION
MOV-00704,B-039,CMA-LITORAL,R-08,MUELLE-F,ACEITE,SHANGHAI,2023-12-13,0:15,2023-12-15,10:14,6268.7,16.9,15,EN_REVISION
MOV-00705,B-028,YANG-ESTE,R-02,MUELLE-D,SOJA,ROTTERDAM,2024-12-13,17:23,2024-12-14,12:53 PM,,12.9,15,PENDIENTE
MOV-00706,B-036,MSC-GENOVA,R-02,MUELLE-C,MAIZ,ROTTERDAM,2023-01-23,0:55,2023-01-23,16:03,4518.42,12.0,12,EN_REVISION
MOV-00707,B-018,COSCO-TIGRE,R-04,MUELLE-A,MINERALES,MONTEVIDEO,32/13/2021,0:34,2023-02-12,16:33,5259.48,8.9,10,EN_REVISION
MOV-00708,B-012,,R-02,MUELLE-B,SOJA,ROTTERDAM,2024-07-31,13:03,2024-08-01,6:42,4783.05,12.8,15,PENDIENTE
MOV-00709,B-028,YANG-MING,R-01,MUELLE-D,MINERALES,SHANGHAI,2023-01-22,0:42,2023-01-22,21:39 XM,5143.23,11.5,10,RECHAZADO
MOV-00710,B-013,ZIM-DELTA,R-04,MUELLE-B,GRANOS,MONTEVIDEO,2023-08-28,10:22,2023-08-28,02:24 AM,4783.57,12.7,12,PENDIENTE
MOV-00711,B-011,YANG-MING,R-04,MUELLE-D,MAIZ,ROTTERDAM,2023-03-01,23:47,2023-03-04,10:47 PM,6488.49,12.2,12,PENDIENTE
MOV-00712,B-032,COSCO-TIGRE,R-04,MUELLE-A,MINERALES,HAMBURG,2020-01-31,12:11,2020-02-02,3:57,4176.01,10.7,10,EN_REVISION
MOV-00713,B-033,COSCO-TIGRE,R-05,MUELLE-D,SOJA,MONTEVIDEO,2024-07-14,7:01,2024-07-14,11:49 PM,5975.63,10.0,12,DESPACHADO
MOV-00714,B-038,MAERSK-LIMA,R-05,MUELLE-B,GRANOS,HAMBURG,2021-06-18,14:38,2021-06-19,1:13,6158.15,10.3,10,RECHAZADO
MOV-00715,B-032,EVER-GLORY,R-07,MUELLE-D,CONTENEDORES,SAO PAULO,2023-04-22,17:27,2023-04-24,15:46,6478.05,8.6,15,PENDIENTE
MOV-00716,B-021,MAERSK-PAMPAS,R-08,MUELLE-B,CONTENEDORES,MONTEVIDEO,2020-09-13,21:37,2020-09-14,sin dato,4938.69,92.8,12,DESPACHADO
MOV-00717,B-020,CMA-LITORAL,R-03,MUELLE-E,CONTENEDORES,SAO PAULO,2024-10-09,5:50,2024-10-10,11:50 AM,6266.89,9.1,10,EN_REVISION
MOV-00718,B-038,,R-07,MUELLE-B,MAIZ,BUENOS AIRES,2024-01-08,7:39,2024-01-08,17:52,5890.46,8.3,10,RECHAZADO
MOV-00719,B-030,HAPAG-SUR,R-01,MUELLE-C,CONTENEDORES,VALPARAISO,2024-08-28,AB:CD,2024-08-30,____,6399.0,14.9,12,RECHAZADO
MOV-00720,B-013,MAERSK-PAMPAS,R-02,MUELLE-A,HARINA,VALPARAISO,2024-01-05,3:24,2024-01-07,11:02 PM,5988.46,11.4,10,DESPACHADO
MOV-00721,B-003,PIL-SANTA,R-07,MUELLE-A,MINERALES,SHANGHAI,2020-06-26,15:39,2020-06-27,10:11,6227.19,14.2,10,EN_REVISION
MOV-00722,B-001,hapag rio!!,R-06,MUELLE-C,ACEITE,SAO PAULO,2023-03-08,1:17,2023-03-10,08:53 AM,5355.9,10.6,15,RECHAZADO
MOV-00723,B-021,PIL-OESTE,R-01,MUELLE-A,TRIGO,HAMBURG,2022-09-27,20:40,2022-09-30,09:41 AM,4905.74,15.2,12,DESPACHADO
MOV-00724,B-025,ZIM-DELTA,R-07,muelle  e!!,SOJA,SHANGHAI,2024-07-30,16:47,2024-07-31,8:43 PM,,11.1,12,EN_REVISION
MOV-00725,B-022,EVER-GLORY,R-04,MUELLE-F,TRIGO,HAMBURG,2021-03-08,0:25,10-03-2021,08:22 AM,6382.54,10.0,10,EN_REVISION
MOV-00726,B-033,CMA-LITORAL,R-07,MUELLE-C,TRIGO,SHANGHAI,2022-04-29,6:19,2022-04-30,12:22 AM,3479.83,15.3,15,DESPACHADO
MOV-00727,B-036,MAERSK-PAMPAS,R-02,MUELLE-E,CONTENEDORES,HAMBURG,2024-04-10,2:25,00/00/0000,10:37 PM,4319.91,13.1,10,DESPACHADO
MOV-00728,B-014,ZIM-DELTA,R-08,MUELLE-A,MINERALES,SANTA FE,2020-12-17,12:37,2020-12-19,13:12,5452.16,9.7,12,RECHAZADO
MOV-00729,B-029,MSC-GENOVA,R-07,MUELLE-E,MAIZ,BUENOS AIRES,2022-01-23,8:38,2022-01-26,13:34,5546.04,9.1,10,EN_REVISION
MOV-00730,B-001,COSCO-TIGRE,R-07,muelle  f!!,HARINA,SAO PAULO,2024-11-03,1:06,2024-11-05,0:49,4040.34,15.6,15,DESPACHADO
MOV-00731,B-004,@#$%,R-01,MUELLE-E,GRANOS,BUENOS AIRES,2023-05-15,13:35,2023-05-16,21:41,5369.29,13.4,10,RECHAZADO
MOV-00732,B-035,MSC-GENOVA,R-07,MUELLE-E,SOJA,ROTTERDAM,2020-09-28,0:35,2020-09-28,19:23,5642.44,15.0,12,DESPACHADO
MOV-00733,B-034,@#$%,R-01,MUELLE-A,MAIZ,SANTA FE,2021-09-02,5:42,2021-09-04,02:58 AM,6028.18,5.6,10,EN_REVISION
MOV-00734,B-009,yang ming!!,R-04,MUELLE-D,ACEITE,MONTEVIDEO,2024-04-13,13:16,2024-04-16,4:13,6084.56,12.7,15,EN_REVISION
MOV-00735,B-032,ZIM-DELTA,R-06,MUELLE-C,CONTENEDORES,ROTTERDAM,2022-05-26,1:24,2022-05-28,13:17,8053.38,12.0,10,PENDIENTE
MOV-00736,B-012,HAPAG-RIO,R-07,MUELLE-E,MAIZ,SANTA FE,2023-03-11,18:26,2023-03-12,03:32 PM,4595.89,12.6,12,RECHAZADO
MOV-00737,B-030,HAPAG-SUR,R-08,MUELLE-E,MAIZ,SHANGHAI,2022-12-11,5:03,2022-12-14,23:38,,12.1,12,RECHAZADO
MOV-00738,B-030,COSCO-TIGRE,R-03,MUELLE-E,SOJA,VALPARAISO,2023-03-01,2:13,2023-03-02,17:40,6462.35,7.2,15,PENDIENTE
MOV-00739,B-001,MSC-ALPHA,R-03,MUELLE-A,MAIZ,SAO PAULO,2022-05-23,13:38,2022-05-24,6:53,5147.76,11.3,12,EN_REVISION
MOV-00740,B-016,MSC-GENOVA,R-08,MUELLE-E,CONTENEDORES,ROTTERDAM,32/13/2021,4:48,2022-09-11,19:41,6173.38,,12,DESPACHADO
MOV-00741,B-005,HAPAG-SUR,R-06,MUELLE-A,TRIGO,ROTTERDAM,2020-04-02,4:44,2020-04-04,9:15,5096.64,6.9,10,DESPACHADO
MOV-00742,B-032,MAERSK-PAMPAS,R-01,MUELLE-D,CONTENEDORES,MONTEVIDEO,2023-11-17,15:26,2023-11-19,N/A,4823.77,13.0,10,PENDIENTE
MOV-00743,B-017,EVER-GLORY,R-02,MUELLE-E,ACEITE,SANTA FE,2024-02-17,3:20,2024-02-19,10:16,3876.26,,15,EN_REVISION
MOV-00744,B-018,MSC-GENOVA,R-04,MUELLE-E,MAIZ,MONTEVIDEO,2023-04-20,12:25,21-04-2023,5:25,5088.71,133.4,10,DESPACHADO
MOV-00745,B-025,YANG-MING,R-07,MUELLE-F,TRIGO,SAO PAULO,2020-04-23,6:38,2020-04-25,22:15,4314.73,,10,PENDIENTE
MOV-00746,B-006,ZIM-NORTE,,MUELLE-B,SOJA,BUENOS AIRES,2022-02-14,3:06,2022-02-16,8:02 PM,3888.78,6.0,12,PENDIENTE
MOV-00747,B-001,HAPAG-SUR,R-08,MUELLE-C,ACEITE,VALPARAISO,2024-11-03,17:43,2024-11-04,23:09,3156.75,12.6,10,EN_REVISION
MOV-00748,B-037,COSCO-TIGRE,R-01,MUELLE-C,TRIGO,SANTA FE,2021-09-08,0:08,2021-09-10,23:01,,,15,PENDIENTE
MOV-00749,B-028,PIL-SANTA,R-01,MUELLE-E,SOJA,SANTA FE,2020-04-30,23:15,2020-05-01,10:15 PM,3624.76,9.9,10,PENDIENTE
MOV-00750,B-028,EVER-GLORY,R-03,muelle  d!!,ACEITE,HAMBURG,2023-07-14,18:08,2023-07-15,3:19,4511.32,10.0,12,EN_REVISION
MOV-00751,B-022,COSCO-TIGRE,,MUELLE-B,MAIZ,SHANGHAI,06/10/2021,22:26,2021-10-09,9:06,6186.97,14.9,10,PENDIENTE
MOV-00752,B-005,EVERGREEN-02,R-06,MUELLE-A,SOJA,SHANGHAI,2023-10-23,23:40,2023-10-24,13:50,4810.76,11.0,10,PENDIENTE
MOV-00753,B-014,MAERSK-LIMA,R-06,MUELLE-F,MINERALES,SANTA FE,2020-06-12,20:59,2020-06-15,17:40,4894.94,10.5,15,EN_REVISION
MOV-00754,B-001,EVERGREEN-02,R-08,MUELLE-A,MAIZ,SAO PAULO,2023-01-15,8:15,2023-01-15,9:36,6241.16,7.6,10,RECHAZADO
MOV-00755,B-012,ZIM-NORTE,R-03,MUELLE-C,TRIGO,MONTEVIDEO,2022-02-09,19:55,2022-02-10,20:03,7340.55,,12,RECHAZADO
MOV-00756,B-012,ONE-PLATA,R-05,MUELLE-C,MAIZ,SAO PAULO,2022-12-11,4:56,2022-12-11,12:01,4541.06,12.0,15,
MOV-00757,B-026,YANG-MING,R-04,MUELLE-B,MAIZ,MONTEVIDEO,2020-09-19,15:28,2020-09-22,15:53,6925.5,11.8,10,RECHAZADO
MOV-00758,B-021,HAPAG-RIO,R-05,MUELLE-B,HARINA,BUENOS AIRES,2024-01-30,1:08,2024-02-01,14:22,3649.6,7.9,12,DESPACHADO
MOV-00759,B-023,COSCO-TIGRE,R-05,MUELLE-D,SOJA,VALPARAISO,2023-04-15,6:06,2023-04-18,17:23,4825.31,,15,RECHAZADO
MOV-00760,B-001,YANG-MING,R-04,MUELLE-B,CONTENEDORES,ROTTERDAM,2023-04-24,8:57,2023-04-26,16:33,5133.38,,10,EN_REVISION
MOV-00761,B-011,CMA-ROSARIO,R-04,MUELLE-E,HARINA,HAMBURG,2020-11-26,10:25,2020-11-29,5:06,6176.84,17.6,15,EN_REVISION
MOV-00762,B-005,ONE-PARANA,R-05,MUELLE-E,ACEITE,ROTTERDAM,2023-01-03,8:25,2023-01-03,05:52 AM,1722.52,13.7,15,EN_REVISION
MOV-00763,B-037,CMA-ROSARIO,R-07,MUELLE-A,CONTENEDORES,ROTTERDAM,2021-10-14,23:28,2021-10-17,04:06 PM,6248.58,,12,PENDIENTE
MOV-00764,B-027,ONE-PLATA,R-03,MUELLE-C,GRANOS,SHANGHAI,2020-08-06,4:11,2020-08-07,5:22 PM,,13.4,12,DESPACHADO
MOV-00765,B-005,CMA-LITORAL,R-01,MUELLE-B,CONTENEDORES,SAO PAULO,2020-11-11,6:32,2020-11-13,04:40 PM,5744.5,10.3,12,DESPACHADO
MOV-00766,B-039,HAPAG-SUR,R-08,MUELLE-B,HARINA,SHANGHAI,08/03/2022,19:17,2022-03-11,12:31 AM,4456.49,11.5,12,
MOV-00767,B-022,PIL-OESTE,R-01,MUELLE-B,CONTENEDORES,SANTA FE,2023-08-25,1:51,2023-08-26,9:35 PM,4813.47,9.8,10,PENDIENTE
MOV-00768,B-024,YANG-ESTE,R-06,MUELLE-A,HARINA,BUENOS AIRES,06/12/2022,23:10,2022-12-08,____,4709.0,2.5,15,RECHAZADO
MOV-00769,B-024,ZIM-NORTE,R-07,MUELLE-F,HARINA,MONTEVIDEO,32/13/2021,3:54,2021-03-07,09:3,3796.45,13.7,15,RECHAZADO
MOV-00770,B-024,MSC-ALPHA,R-05,muelle  d!!,GRANOS,ROTTERDAM,2021-03-26,20:30,2021-03-27,3:33,5120.67,15.3,10,PENDIENTE
MOV-00771,B-036,PIL-SANTA,R-08,MUELLE-D,ACEITE,VALPARAISO,2021-10-04,10:12,2021-10-07,null,4091.32,9.7,12,DESPACHADO
MOV-00772,B-025,@#$%,R-07,MUELLE-E,TRIGO,VALPARAISO,2020-02-04,21:30,2020-02-07,05:55 AM,3758.46,13.9,10,RECHAZADO
MOV-00773,B-007,ONE-PLATA,R-03,MUELLE-A,MINERALES,SANTA FE,2020-03-16,3:03,2020-03-18,10:37 AM,3453.11,15.3,15,RECHAZADO
MOV-00774,B-027,HAPAG-SUR,R-06,MUELLE-D,CONTENEDORES,SAO PAULO,2024-06-27,15:28,2024-06-29,20:00,4031.66,15.9,10,PENDIENTE
MOV-00775,B-015,ONE-PLATA,R-05,MUELLE-F,HARINA,VALPARAISO,2021-03-04,3:04,2021-03-05,14:14,3725.69,19.9,15,DESPACHADO
MOV-00776,B-039,COSCO-STAR,R-01,MUELLE-E,MINERALES,HAMBURG,2021-04-20,20:19,2021-04-22,12:17 AM,2627.11,10.6,10,RECHAZADO
MOV-00777,B-014,HAPAG-SUR,R-04,MUELLE-A,ACEITE,HAMBURG,2023-12-11,21:09,2023-12-14,20:59,2438.56,13.9,15,EN_REVISION
MOV-00778,B-024,,R-06,MUELLE-F,HARINA,SAO PAULO,2021-02-28,9:18,2021-03-02,9:9,5077.08,11.4,12,
MOV-00779,B-011,HAPAG-RIO,R-02,MUELLE-E,SOJA,ROTTERDAM,2021-04-11,9:53,2021-04-13,2:26,3248.21,6.3,10,DESPACHADO
MOV-00780,B-013,msc genova!!,R-03,MUELLE-D,ACEITE,SANTA FE,2024-12-29,6:26,2024-12-31,7:44,4794.18,10.1,15,RECHAZADO
MOV-00781,B-015,PIL-SANTA,R-01,muelle  a!!,TRIGO,HAMBURG,2022-01-03,19:47,2022-01-04,2:49,2615.57,9.9,12,RECHAZADO
MOV-00782,B-009,COSCO-TIGRE,R-01,MUELLE-A,CONTENEDORES,SAO PAULO,2023-03-08,18:50,2023-03-10,1:4 PM,5011.85,,10,RECHAZADO
MOV-00783,B-036,MSC-ALPHA,R-01,MUELLE-B,ACEITE,SHANGHAI,2024-05-15,9:59,2024-05-16,0:10,4553.63,3.7,12,DESPACHADO
MOV-00784,B-013,CMA-ROSARIO,R-06,MUELLE-A,SOJA,VALPARAISO,2021-03-13,2:08,2021-03-13,01:41 PM,3672.6,11.5,12,RECHAZADO
MOV-00785,B-021,COSCO-STAR,R-02,MUELLE-C,TRIGO,ROTTERDAM,2024-06-26,0:31,2024-06-26,15:10,4283.04,11.6,10,RECHAZADO
MOV-00786,B-005,EVERGREEN-02,R-05,MUELLE-B,TRIGO,SANTA FE,2021-01-13,16:27,2021-01-15,3:07,5750.18,12.4,10,RECHAZADO
MOV-00787,B-010,MSC-GENOVA,R-02,MUELLE-D,CONTENEDORES,SAO PAULO,04/10/2020,4:17,2020-10-04,01:29 PM,5844.89,9.0,10,PENDIENTE
MOV-00788,B-014,ZIM-DELTA,R-02,MUELLE-B,TRIGO,MONTEVIDEO,2024-06-19,6:10,2024-06-20,16:32,,14.7,10,EN_REVISION
MOV-00789,B-004,PIL-OESTE,R-06,MUELLE-B,CONTENEDORES,HAMBURG,2021-07-20,21:36,2021-07-22,2:56 PM,3296.77,7.7,10,RECHAZADO
MOV-00790,B-033,EVER-GLORY,R-07,MUELLE-D,HARINA,BUENOS AIRES,2021-05-25,12:54,2021-05-27,9:59,1295.06,13.6,10,EN_REVISION
MOV-00791,B-016,CMA-ROSARIO,R-05,MUELLE-B,CONTENEDORES,HAMBURG,2020-11-16,20:29,2020-11-19,15:20,4677.04,174.2,10,PENDIENTE
MOV-00792,B-040,YANG-ESTE,R-02,MUELLE-D,SOJA,SHANGHAI,2022-03-17,16:41,2022-03-18,18:26,4349.08,8.9,10,
MOV-00793,B-009,COSCO-TIGRE,R-05,MUELLE-E,TRIGO,BUENOS AIRES,2024-05-24,6:37,2024-05-26,04:03 AM,8308.1,10.9,12,PENDIENTE
MOV-00794,B-038,YANG-MING,R-01,MUELLE-B,CONTENEDORES,VALPARAISO,2022-04-27,AB:CD,2022-04-30,7:25,5578.38,11.9,15,DESPACHADO
MOV-00795,B-016,PIL-OESTE,R-05,MUELLE-F,GRANOS,BUENOS AIRES,2021-03-17,15:58,2021-03-20,19-36,5141.19,14.4,12,PENDIENTE
MOV-00796,B-035,COSCO-STAR,R-02,MUELLE-D,GRANOS,VALPARAISO,2023-09-05,5:57,2023-09-05,4:47 AM,5050.82,11.1,12,DESPACHADO
MOV-00797,B-022,YANG-MING,R-05,MUELLE-B,GRANOS,SAO PAULO,2022-09-06,18:42,2022-09-07,06:28 AM,5409.36,15.0,15,EN_REVISION
MOV-00798,B-002,CMA-ROSARIO,R-05,MUELLE-D,GRANOS,MONTEVIDEO,2022-07-29,20:19,2022-07-31,01:40 PM,4852.09,13.5,15,DESPACHADO
MOV-00799,B-040,MAERSK-LIMA,R-07,MUELLE-A,HARINA,MONTEVIDEO,2024-12-01,1:04,2024-12-02,21:0,4619.16,10.8,12,
MOV-00800,B-024,YANG-MING,R-08,MUELLE-F,SOJA,HAMBURG,2022-05-22,12:38,2022-05-24,08:49 PM,2358.41,11.1,12,EN_REVISION
MOV-00801,B-012,CMA-LITORAL,,muelle  d!!,MAIZ,ROTTERDAM,2022-01-21,0:16,2022-01-23,3:38,6169.43,15.2,12,RECHAZADO
MOV-00802,B-007,MSC-GENOVA,R-01,MUELLE-F,CONTENEDORES,ROTTERDAM,22/09/2022,4:34,2022-09-23,11:12 AM,3321.92,,10,DESPACHADO
MOV-00803,B-013,EVERGREEN-02,R-05,MUELLE-A,GRANOS,VALPARAISO,2022-07-15,19:51,2022-07-16,02:08 AM,6942.07,13.2,12,DESPACHADO
MOV-00804,B-028,YANG-MING,R-02,MUELLE-F,ACEITE,HAMBURG,32/13/2021,4:59,2020-02-29,23:55,3909.27,10.1,10,DESPACHADO
MOV-00805,B-030,YANG-MING,R-03,MUELLE-E,GRANOS,MONTEVIDEO,2021-04-02,0:24,2021-04-03,1:04,3868.16,8.5,15,DESPACHADO
MOV-00806,B-026,YANG-ESTE,R-01,MUELLE-C,ACEITE,SHANGHAI,2023-03-17,9:44,2023-03-17,22:53,6808.73,,15,EN_REVISION
MOV-00807,B-030,ZIM-DELTA,R-04,MUELLE-D,HARINA,SHANGHAI,2020-10-21,14:26,2020-10-22,19:54,5392.15,11.2,12,RECHAZADO
MOV-00808,B-032,HAPAG-RIO,,MUELLE-A,HARINA,MONTEVIDEO,2021-03-11,9:32,2021-03-11,09:41 AM,4901.88,5.6,10,PENDIENTE
MOV-00809,B-025,MSC-GENOVA,R-03,MUELLE-C,MAIZ,SHANGHAI,2021-03-29,21:09,2021-03-31,08:08 PM,8763.06,15.8,10,RECHAZADO
MOV-00810,B-029,HAPAG-RIO,R-02,muelle  d!!,HARINA,MONTEVIDEO,2022-04-14,14:34,2022-04-15,12:28,,11.4,10,PENDIENTE
MOV-00811,B-020,ZIM-NORTE,R-06,MUELLE-A,MAIZ,MONTEVIDEO,2020-08-05,AB:CD,2020-08-07,12:40 AM,3442.13,14.2,10,DESPACHADO
MOV-00812,B-033,EVERGREEN-02,R-06,MUELLE-E,HARINA,SANTA FE,2021-04-09,0:18,2021-04-11,2:08,3530.68,10.0,10,RECHAZADO
MOV-00813,B-019,EVERGREEN-02,R-04,MUELLE-F,SOJA,BUENOS AIRES,2023-12-28,AB:CD,2023-12-29,21:54,6251.37,11.5,12,RECHAZADO
MOV-00814,B-008,COSCO-TIGRE,R-08,MUELLE-F,MINERALES,SANTA FE,2021-02-22,10:15,2021-02-23,19:12 XM,4058.57,9.5,12,RECHAZADO
MOV-00815,B-003,MSC-GENOVA,R-04,MUELLE-D,ACEITE,SAO PAULO,2021-02-28,4:16,2021-03-02,1:42,6311.43,8.7,10,PENDIENTE
MOV-00816,B-014,ONE-PLATA,R-03,MUELLE-A,SOJA,BUENOS AIRES,2024-07-04,11:10,2024-07-06,05:29 PM,4852.1,11.4,12,EN_REVISION
MOV-00817,B-025,YANG-ESTE,R-08,MUELLE-D,HARINA,HAMBURG,32/13/2021,28:37:00,2024-07-27,19:03,4399.1,11.1,12,EN_REVISION
MOV-00818,B-027,HAPAG-SUR,R-03,MUELLE-E,TRIGO,SHANGHAI,2021-06-11,21:56,2021-06-13,05:02 AM,3800.02,9.4,10,
MOV-00819,B-023,HAPAG-SUR,R-08,MUELLE-B,ACEITE,BUENOS AIRES,2021-02-20,7:41,2021-02-23,22:15,4874.48,11.1,10,EN_REVISION
MOV-00820,B-029,MSC-GENOVA,R-07,MUELLE-B,CONTENEDORES,SAO PAULO,2022-05-23,6:00,2022-05-24,08:43 PM,6220.62,7.7,15,PENDIENTE
MOV-00821,B-028,cma litoral!!,R-07,MUELLE-A,MAIZ,ROTTERDAM,2021-02-27,12:00,2021-03-01,09:05 PM,4719.41,7.8,15,RECHAZADO
MOV-00822,B-006,PIL-OESTE,R-04,MUELLE-C,GRANOS,SANTA FE,2020-08-12,15:22,2020-08-15,6:01,5837.64,13.7,12,DESPACHADO
MOV-00823,B-033,MSC-ALPHA,R-02,MUELLE-F,TRIGO,SHANGHAI,2022-11-20,AB:CD,2022-11-23,15:42,3267.79,11.4,12,PENDIENTE
MOV-00824,B-030,MAERSK-LIMA,,MUELLE-E,TRIGO,HAMBURG,2022-03-08,13:51,2022-03-11,12:50,,12.6,15,DESPACHADO
MOV-00825,B-024,ONE-PARANA,R-05,MUELLE-C,SOJA,SHANGHAI,2022-01-26,7:23,2022-01-27,23:29,4125.54,16.2,15,RECHAZADO
MOV-00826,B-032,YANG-ESTE,R-04,MUELLE-A,TRIGO,SANTA FE,2024-08-18,14:11,2024-08-21,13:1,5263.81,9.3,10,PENDIENTE
MOV-00827,B-013,MSC-GENOVA,R-08,MUELLE-B,GRANOS,HAMBURG,2022-09-17,15:30,2022-09-20,4:45,3213.3,10.4,10,PENDIENTE
MOV-00828,B-018,CMA-ROSARIO,R-04,MUELLE-C,HARINA,HAMBURG,2024-02-22,21:30,2024-02-25,02:36 PM,7367.84,7.0,12,PENDIENTE
MOV-00829,B-040,COSCO-TIGRE,R-04,MUELLE-B,HARINA,VALPARAISO,2020-11-26,9:08,2020-11-28,14:28,6885.7,82.6,10,DESPACHADO
MOV-00830,B-032,PIL-OESTE,R-02,MUELLE-A,ACEITE,SANTA FE,08/05/2022,0:01,2022-05-10,0:11,6161.38,12.8,10,DESPACHADO
MOV-00831,B-039,HAPAG-RIO,R-02,MUELLE-C,CONTENEDORES,HAMBURG,2022-10-31,13:40,2022-11-02,10:09,5491.18,9.3,15,DESPACHADO
MOV-00832,B-011,hapag sur!!,R-03,MUELLE-C,GRANOS,SANTA FE,2020-10-16,25:37:00,2020-10-18,06:39 PM,4271.38,7.5,15,DESPACHADO
MOV-00833,B-013,ZIM-DELTA,R-06,MUELLE-D,TRIGO,ROTTERDAM,2020-04-26,23:02,2020-04-27,03:09 PM,5196.71,10.8,10,PENDIENTE
MOV-00834,B-039,HAPAG-RIO,R-01,MUELLE-E,TRIGO,SANTA FE,2022-05-19,2:15,2022-05-21,7:20,4538.85,7.9,12,EN_REVISION
MOV-00835,B-001,EVERGREEN-02,R-04,MUELLE-A,SOJA,SANTA FE,2024-05-15,23:15,2024-05-16,7:37,3776.64,5.4,15,
MOV-00836,B-007,COSCO-TIGRE,R-08,MUELLE-D,MINERALES,BUENOS AIRES,2023-09-09,AB:CD,2023-09-10,04:33 PM,2598.84,12.8,10,RECHAZADO
MOV-00837,B-033,MSC-GENOVA,R-04,MUELLE-D,CONTENEDORES,BUENOS AIRES,32/13/2021,20:38,2023-02-04,10:26,6061.36,11.8,10,RECHAZADO
MOV-00838,B-036,EVERGREEN-02,R-01,MUELLE-C,GRANOS,BUENOS AIRES,2021-11-06,15:35,2021-11-07,05:04 AM,5916.06,,12,EN_REVISION
MOV-00839,B-039,@#$%,,MUELLE-C,MAIZ,HAMBURG,2023-07-06,7:41,06-07-2023,05:39 AM,4216.24,14.7,10,RECHAZADO
MOV-00840,B-010,HAPAG-RIO,R-03,MUELLE-B,TRIGO,ROTTERDAM,26/02/2022,26:51:00,2022-02-26,08:52 PM,5732.52,8.2,10,PENDIENTE
MOV-00841,B-002,MSC-ALPHA,R-08,MUELLE-F,SOJA,VALPARAISO,2022-01-22,13:43,2022-01-25,10:42,3628.37,14.8,15,EN_REVISION
MOV-00842,B-033,@#$%,R-05,MUELLE-E,TRIGO,VALPARAISO,2023-01-25,13:40,2023-01-26,03:28 AM,3549.25,6.2,15,PENDIENTE
MOV-00843,B-027,YANG-ESTE,R-04,MUELLE-F,HARINA,VALPARAISO,15/11/2023,10:55,18-11-2023,01:54 AM,6338.26,8.5,15,PENDIENTE
MOV-00844,B-039,,R-01,MUELLE-F,MINERALES,HAMBURG,2024-09-25,29:59:00,2024-09-27,04-43,,10.2,10,PENDIENTE
MOV-00845,B-002,HAPAG-RIO,R-02,MUELLE-C,TRIGO,SHANGHAI,2023-05-06,8:49,2023-05-07,19:39,5492.21,199.3,12,PENDIENTE
MOV-00846,B-028,COSCO-TIGRE,R-03,MUELLE-F,ACEITE,BUENOS AIRES,2021-01-29,17:45,2021-01-31,03:50 AM,3610.81,11.5,15,DESPACHADO
MOV-00847,B-030,EVER-GLORY,R-07,MUELLE-B,MINERALES,MONTEVIDEO,2021-05-27,12:06,2021-05-28,7:35 AM,4308.5,13.0,12,DESPACHADO
MOV-00848,B-011,MSC-GENOVA,R-01,MUELLE-D,TRIGO,BUENOS AIRES,2023-06-20,19:21,2023-06-21,19:33,5126.51,17.3,10,RECHAZADO
MOV-00849,B-018,,R-01,MUELLE-C,ACEITE,BUENOS AIRES,2023-05-29,7:25,2023-05-31,07:53 AM,4758.39,11.2,12,EN_REVISION
MOV-00850,B-017,@#$%,R-02,MUELLE-E,TRIGO,VALPARAISO,2024-06-17,2:56,2024-06-17,____,3474.67,13.6,10,PENDIENTE
MOV-00851,B-029,ONE-PARANA,R-03,MUELLE-E,SOJA,ROTTERDAM,2024-02-06,16:31,2024-02-08,10:35,4802.02,10.9,10,PENDIENTE
MOV-00852,B-019,EVERGREEN-02,R-02,MUELLE-C,TRIGO,SANTA FE,2020-01-13,4:49,2020-01-15,02:06 PM,4941.21,,10,
MOV-00853,B-014,PIL-SANTA,R-07,MUELLE-F,MINERALES,SHANGHAI,2020-10-26,7:50,2020-10-28,16:48,3950.64,9.4,15,EN_REVISION
MOV-00854,B-036,HAPAG-RIO,R-06,MUELLE-B,MAIZ,SANTA FE,2022-03-03,16:07,2022-03-06,6:18,-1329.48,10.9,15,
MOV-00855,B-009,@#$%,R-05,MUELLE-F,SOJA,SANTA FE,32/13/2021,8:35,2021-05-11,07:38 AM,6133.88,10.3,12,RECHAZADO
MOV-00856,B-027,YANG-ESTE,R-08,MUELLE-B,CONTENEDORES,SHANGHAI,2022-07-17,13:31,2022-07-18,21:33,4544.43,12.9,10,EN_REVISION
MOV-00857,B-002,EVERGREEN-02,R-06,MUELLE-D,TRIGO,HAMBURG,2022-09-05,23:18,2022-09-06,16:58,5778.16,17.5,15,DESPACHADO
MOV-00858,B-030,MAERSK-PAMPAS,R-02,MUELLE-F,HARINA,MONTEVIDEO,2020-08-18,27:24:00,2020-08-21,69:27:00,4291.59,13.8,10,
MOV-00859,B-035,ZIM-DELTA,R-08,MUELLE-F,TRIGO,ROTTERDAM,2023-03-26,5:47,2023-03-27,12:05 PM,4821.34,10.9,12,PENDIENTE
MOV-00860,B-009,ONE-PLATA,R-03,MUELLE-C,MINERALES,BUENOS AIRES,2023-11-27,18:49,2023-11-30,20:46,6475.85,12.5,12,PENDIENTE
MOV-00861,B-032,MAERSK-LIMA,R-02,MUELLE-C,CONTENEDORES,SHANGHAI,2023-06-23,17:42,24-06-2023,23:46,3787.41,15.9,15,RECHAZADO
MOV-00862,B-023,CMA-LITORAL,R-03,MUELLE-F,CONTENEDORES,BUENOS AIRES,2022-09-26,17:32,2022-09-27,9:17,3650.06,9.7,10,RECHAZADO
MOV-00863,B-013,HAPAG-RIO,R-02,MUELLE-D,TRIGO,SAO PAULO,2020-06-06,15:39,2020-06-09,6:50,6899.51,9.4,10,RECHAZADO
MOV-00864,B-039,PIL-OESTE,R-02,MUELLE-B,MINERALES,VALPARAISO,2024-05-10,10:06,2024-05-12,05-03,4448.08,10.9,12,PENDIENTE
MOV-00865,B-013,COSCO-TIGRE,R-01,MUELLE-A,CONTENEDORES,SAO PAULO,2024-01-21,17:16,2024-01-23,03:44 PM,4658.49,13.1,10,EN_REVISION
MOV-00866,B-035,CMA-LITORAL,R-03,MUELLE-F,HARINA,SANTA FE,2024-05-09,6:21,2024-05-09,sin dato,4608.71,,15,PENDIENTE
MOV-00867,B-011,PIL-SANTA,R-02,MUELLE-F,TRIGO,SANTA FE,2021-04-25,13:20,2021-04-27,22:05,4584.46,10.0,15,
MOV-00868,B-039,YANG-MING,R-08,MUELLE-D,ACEITE,BUENOS AIRES,13/05/2020,10:26,2020-05-15,18:5,4291.38,8.9,15,DESPACHADO
MOV-00869,B-004,ONE-PLATA,R-03,MUELLE-D,SOJA,BUENOS AIRES,16/06/2023,8:11,2023-06-17,01:51 PM,4345.79,9.9,12,DESPACHADO
MOV-00870,B-035,ONE-PARANA,R-01,MUELLE-E,TRIGO,VALPARAISO,2021-08-25,0:24,2021-08-27,11:28 PM,4677.89,16.2,10,PENDIENTE
MOV-00871,B-033,MAERSK-PAMPAS,R-06,MUELLE-C,MAIZ,VALPARAISO,30/09/2020,17:21,2020-10-02,03:18 PM,4894.4,10.1,15,PENDIENTE
MOV-00872,B-001,ZIM-DELTA,R-07,MUELLE-E,CONTENEDORES,VALPARAISO,2022-04-09,10:02,00/00/0000,08:53 PM,5409.17,15.9,12,EN_REVISION
MOV-00873,B-028,CMA-LITORAL,R-05,MUELLE-D,GRANOS,ROTTERDAM,2020-02-15,26:51:00,2020-02-15,01:56 AM,2731.7,13.5,15,DESPACHADO
MOV-00874,B-005,ZIM-NORTE,R-07,MUELLE-A,SOJA,ROTTERDAM,2023-10-30,5:13,2023-10-31,09:36 PM,4511.04,120.2,15,RECHAZADO
MOV-00875,B-020,EVER-GLORY,R-03,MUELLE-F,HARINA,MONTEVIDEO,2023-04-18,5:57,2023-04-20,05:10 PM,7036.03,14.5,15,RECHAZADO
MOV-00876,B-027,ZIM-DELTA,R-05,MUELLE-E,TRIGO,ROTTERDAM,19/12/2021,7:01,2021-12-19,12:40 AM,-3559.67,10.3,15,DESPACHADO
MOV-00877,B-034,COSCO-TIGRE,R-08,MUELLE-A,TRIGO,ROTTERDAM,2024-03-10,13:13,2024-03-12,05:44 AM,4663.82,12.5,10,EN_REVISION
MOV-00878,B-004,CMA-LITORAL,R-04,MUELLE-A,MINERALES,VALPARAISO,2020-12-20,21:26,2020-12-21,04:45 PM,5890.96,9.5,12,EN_REVISION
MOV-00879,B-019,ONE-PLATA,R-06,MUELLE-B,ACEITE,SAO PAULO,2024-03-22,7:30,2024-03-24,15:00,4998.73,6.7,10,RECHAZADO
MOV-00880,B-040,PIL-OESTE,,MUELLE-A,GRANOS,VALPARAISO,2024-01-26,16:09,2024-01-28,8:39,5332.4,9.2,12,DESPACHADO
MOV-00881,B-001,EVER-GLORY,R-05,MUELLE-D,GRANOS,BUENOS AIRES,2023-04-12,21:23,2023-04-15,3:51,5837.64,12.8,12,DESPACHADO
MOV-00882,B-020,HAPAG-SUR,R-08,MUELLE-D,SOJA,ROTTERDAM,2024-02-10,18:26,2024-02-13,03:4,4525.02,9.9,12,RECHAZADO
MOV-00883,B-015,MSC-GENOVA,R-03,MUELLE-E,MAIZ,HAMBURG,2021-07-23,15:43,2021-07-25,23:31,6978.56,8.8,12,RECHAZADO
MOV-00884,B-022,HAPAG-RIO,R-05,MUELLE-D,HARINA,VALPARAISO,2021-07-31,3:01,2021-08-01,1:21,6068.43,12.0,12,PENDIENTE
MOV-00885,B-024,COSCO-STAR,R-04,MUELLE-A,MAIZ,SHANGHAI,2024-04-30,10:34,2024-05-01,08:14 PM,5864.55,18.1,12,EN_REVISION
MOV-00886,B-011,ZIM-NORTE,R-07,MUELLE-C,ACEITE,BUENOS AIRES,2021-03-16,17:13,2021-03-17,0:38,3040.12,13.2,10,RECHAZADO
MOV-00887,B-011,MAERSK-LIMA,R-06,MUELLE-E,MINERALES,SAO PAULO,2020-12-21,2:32,2020-12-22,11:08,6052.98,7.9,10,DESPACHADO
MOV-00888,B-029,CMA-LITORAL,R-02,MUELLE-F,SOJA,SANTA FE,2024-04-21,10:20,2024-04-24,16:39,4030.55,14.9,15,RECHAZADO
MOV-00889,B-020,COSCO-STAR,R-02,MUELLE-A,CONTENEDORES,BUENOS AIRES,2020-07-10,0:03,2020-07-12,11:26,6167.07,11.7,15,RECHAZADO
MOV-00890,B-025,CMA-ROSARIO,R-01,MUELLE-E,TRIGO,VALPARAISO,2024-03-07,0:00,2024-03-09,07:22 AM,,8.9,10,RECHAZADO
MOV-00891,B-022,@#$%,R-08,MUELLE-F,MAIZ,VALPARAISO,2023-06-03,11:05,2023-06-05,06:11 PM,2336.68,,10,PENDIENTE
MOV-00892,B-012,PIL-SANTA,R-01,MUELLE-D,ACEITE,VALPARAISO,32/13/2021,19:21,2023-11-20,19:54,4747.34,19.4,12,RECHAZADO
MOV-00893,B-034,one plata!!,R-08,MUELLE-F,CONTENEDORES,SHANGHAI,2023-06-30,7:04,2023-07-01,09:28 PM,4140.56,5.8,15,RECHAZADO
MOV-00894,B-029,COSCO-STAR,R-01,MUELLE-B,GRANOS,SAO PAULO,2024-10-20,16:37,2024-10-22,02:17 AM,6387.41,15.3,12,EN_REVISION
MOV-00895,B-027,HAPAG-SUR,R-04,MUELLE-F,GRANOS,SHANGHAI,2020-01-17,17:16,2020-01-20,82:03:00,6363.93,15.5,12,PENDIENTE
MOV-00896,B-035,msc genova!!,R-02,MUELLE-E,TRIGO,MONTEVIDEO,2022-11-19,10:27,2022-11-22,5:25,4754.55,12.6,15,PENDIENTE
MOV-00897,B-010,COSCO-STAR,R-04,MUELLE-C,TRIGO,BUENOS AIRES,2021-11-06,19:40,2021-11-07,18:54,4515.46,14.5,15,RECHAZADO
MOV-00898,B-008,yang este!!,R-08,MUELLE-D,HARINA,SHANGHAI,2020-05-27,11:49,2020-05-29,10:41 AM,4860.03,15.0,12,PENDIENTE
MOV-00899,B-006,MSC-ALPHA,R-08,MUELLE-F,MAIZ,MONTEVIDEO,2024-06-09,23:13,2024-06-11,0:52,5899.61,14.9,15,EN_REVISION
MOV-00900,B-001,COSCO-STAR,R-06,MUELLE-B,MINERALES,SAO PAULO,2024-03-09,15:06,2024-03-11,17-23,5405.76,8.5,12,EN_REVISION
MOV-00901,B-026,YANG-MING,R-02,MUELLE-A,MAIZ,SHANGHAI,2020-11-10,16:23,2020-11-11,10:36 XM,3417.33,13.4,15,RECHAZADO
MOV-00902,B-027,PIL-SANTA,R-04,MUELLE-E,ACEITE,ROTTERDAM,2022-03-20,0:28,2022-03-20,12:33,4403.32,10.2,15,RECHAZADO
MOV-00903,B-014,MAERSK-LIMA,R-07,MUELLE-C,MAIZ,SAO PAULO,2022-06-30,27:19:00,02-07-2022,10:44,4290.7,9.1,12,EN_REVISION
MOV-00904,B-037,HAPAG-RIO,R-03,MUELLE-F,GRANOS,VALPARAISO,2021-05-08,9:55,2021-05-09,11:29 AM,2104.92,12.6,15,DESPACHADO
MOV-00905,B-035,HAPAG-SUR,,MUELLE-B,ACEITE,SHANGHAI,2020-07-31,7:21,2020-08-01,23:3,6056.51,11.4,12,RECHAZADO
MOV-00906,B-023,@#$%,R-05,muelle  d!!,ACEITE,BUENOS AIRES,2024-05-02,8:40,2024-05-03,05:16 AM,4429.55,13.0,15,RECHAZADO
MOV-00907,B-038,HAPAG-SUR,R-04,MUELLE-C,SOJA,SHANGHAI,2023-12-30,6:31,31-12-2023,09:45 PM,,7.8,15,EN_REVISION
MOV-00908,B-018,PIL-OESTE,R-01,MUELLE-D,CONTENEDORES,MONTEVIDEO,2020-11-15,3:47,2020-11-17,0:54,4787.43,13.3,15,EN_REVISION
MOV-00909,B-004,CMA-LITORAL,R-03,MUELLE-B,TRIGO,VALPARAISO,2024-08-06,3:48,2024-08-07,18:28,5850.08,11.6,12,DESPACHADO
MOV-00910,B-005,PIL-SANTA,R-01,MUELLE-B,GRANOS,SANTA FE,2024-05-04,20:27,2024-05-06,22:29,4600.73,10.1,12,RECHAZADO
MOV-00911,B-025,MAERSK-PAMPAS,R-02,MUELLE-A,MAIZ,MONTEVIDEO,2023-07-07,21:10,2023-07-09,19:54,5209.57,10.3,12,PENDIENTE
MOV-00912,B-024,ONE-PARANA,R-03,MUELLE-C,ACEITE,VALPARAISO,2024-06-20,27:09:00,2024-06-22,13:38,5513.86,11.3,10,EN_REVISION
MOV-00913,B-018,,R-02,muelle  c!!,CONTENEDORES,MONTEVIDEO,2022-12-05,7:12,2022-12-06,6:14,5464.97,12.2,15,PENDIENTE
MOV-00914,B-031,MAERSK-PAMPAS,R-02,MUELLE-E,TRIGO,HAMBURG,2022-09-16,13:41,2022-09-19,15:42,6005.7,15.2,10,RECHAZADO
MOV-00915,B-020,MSC-ALPHA,R-07,MUELLE-C,CONTENEDORES,HAMBURG,32/13/2021,10:45,2020-03-17,5:08,6279.19,14.6,12,EN_REVISION
MOV-00916,B-036,,R-06,MUELLE-E,SOJA,SAO PAULO,2022-08-09,0:29,2022-08-10,09:43 AM,5664.08,11.9,12,RECHAZADO
MOV-00917,B-030,EVERGREEN-02,R-05,MUELLE-E,GRANOS,MONTEVIDEO,2021-04-17,16:52,00/00/0000,04:38 PM,6202.75,21.1,15,PENDIENTE
MOV-00918,B-020,EVER-GLORY,R-02,muelle  b!!,TRIGO,SAO PAULO,2023-04-08,22:30,2023-04-09,12:02 PM,3964.68,10.8,15,DESPACHADO
MOV-00919,B-025,MSC-GENOVA,R-06,MUELLE-A,CONTENEDORES,VALPARAISO,2021-10-18,6:15,2021-10-20,2:45,5114.57,7.8,15,PENDIENTE
MOV-00920,B-015,COSCO-STAR,R-08,MUELLE-B,GRANOS,SAO PAULO,2024-03-12,23:46,2024-03-15,03:28 PM,5699.56,15.5,12,PENDIENTE
MOV-00921,B-023,COSCO-TIGRE,R-01,MUELLE-C,HARINA,MONTEVIDEO,2024-12-29,11:52,2024-12-31,04:27 AM,6528.45,13.3,15,RECHAZADO
MOV-00922,B-037,,R-05,MUELLE-E,ACEITE,VALPARAISO,2022-11-05,8:43,2022-11-07,16:03,5081.51,8.1,15,DESPACHADO
MOV-00923,B-029,CMA-LITORAL,R-08,MUELLE-D,ACEITE,HAMBURG,2024-08-17,13:09,2024-08-19,14:44,5035.08,10.0,15,DESPACHADO
MOV-00924,B-011,YANG-MING,R-04,MUELLE-B,TRIGO,SAO PAULO,2023-04-22,7:16,2023-04-23,18:07,5631.78,12.5,15,PENDIENTE
MOV-00925,B-009,YANG-ESTE,R-05,MUELLE-A,MAIZ,SHANGHAI,2024-05-27,12:55,2024-05-29,04:14 AM,2737.29,12.6,10,PENDIENTE
MOV-00926,B-001,MSC-ALPHA,R-04,MUELLE-D,CONTENEDORES,VALPARAISO,2023-02-15,13:35,2023-02-18,3:09,3572.99,16.0,12,PENDIENTE
MOV-00927,B-014,PIL-OESTE,R-03,MUELLE-E,MINERALES,HAMBURG,2024-08-19,22:04,2024-08-21,20:42,6271.58,10.2,10,
MOV-00928,B-006,EVER-GLORY,R-03,MUELLE-E,MINERALES,VALPARAISO,2020-10-28,21:10,2020-10-29,1:19,4727.34,10.4,10,
MOV-00929,B-007,EVERGREEN-02,,MUELLE-D,MINERALES,VALPARAISO,2022-03-26,1:30,2022-03-29,01:38 PM,5184.95,12.9,15,EN_REVISION
MOV-00930,B-017,MSC-ALPHA,,MUELLE-E,MAIZ,SAO PAULO,2023-09-21,17:21,2023-09-24,7:25,4613.05,12.7,15,PENDIENTE
MOV-00931,B-023,CMA-ROSARIO,R-04,MUELLE-B,MAIZ,HAMBURG,2024-03-24,15:37,2024-03-26,09:50 PM,5768.19,8.6,10,DESPACHADO
MOV-00932,B-030,YANG-MING,R-02,MUELLE-C,MAIZ,VALPARAISO,2022-02-28,4:22,2022-02-28,12:18,5735.67,8.5,10,RECHAZADO
MOV-00933,B-020,ONE-PARANA,R-06,muelle  c!!,MINERALES,HAMBURG,2022-09-02,3:21,2022-09-04,07:54 AM,,8.3,12,PENDIENTE
MOV-00934,B-004,MSC-GENOVA,R-01,muelle  e!!,HARINA,SANTA FE,2022-09-05,13:08,2022-09-07,2:36,4019.96,13.4,10,DESPACHADO
MOV-00935,B-007,MSC-ALPHA,R-03,MUELLE-D,TRIGO,BUENOS AIRES,2022-03-22,9:58,2022-03-22,06:08 PM,5010.31,10.1,10,DESPACHADO
MOV-00936,B-037,ZIM-NORTE,R-04,MUELLE-F,ACEITE,ROTTERDAM,32/13/2021,2:22,2024-06-21,8:34,121970.29,10.2,12,RECHAZADO
MOV-00937,B-030,MAERSK-PAMPAS,R-02,MUELLE-F,HARINA,VALPARAISO,2023-12-16,10:20,2023-12-17,0:46,3673.45,13.0,15,PENDIENTE
MOV-00938,B-015,PIL-OESTE,R-07,MUELLE-E,GRANOS,VALPARAISO,2023-04-23,5:50,2023-04-25,22:53,6193.07,8.1,15,EN_REVISION
MOV-00939,B-028,YANG-MING,R-02,MUELLE-B,MAIZ,VALPARAISO,2023-01-08,11:12,2023-01-11,8:26,5229.35,11.7,15,RECHAZADO
MOV-00940,B-018,EVER-GLORY,R-05,MUELLE-B,MAIZ,VALPARAISO,2023-06-25,5:23,2023-06-27,17:25,4638.64,12.7,15,EN_REVISION
MOV-00941,B-017,COSCO-STAR,R-08,MUELLE-A,ACEITE,HAMBURG,2022-06-04,7:11,2022-06-07,08:13 PM,3160.82,17.7,12,EN_REVISION
MOV-00942,B-001,CMA-LITORAL,R-07,MUELLE-A,ACEITE,SANTA FE,2023-09-12,12:32,2023-09-14,08:26 AM,5592.29,14.1,15,EN_REVISION
MOV-00943,B-004,ONE-PARANA,R-03,MUELLE-D,SOJA,SAO PAULO,2023-09-06,3:24,2023-09-07,3:04,,19.9,12,DESPACHADO
MOV-00944,B-011,@#$%,R-08,MUELLE-B,GRANOS,SANTA FE,2024-08-14,0:46,2024-08-14,8:18,,144.0,10,RECHAZADO
MOV-00945,B-038,PIL-OESTE,R-06,MUELLE-A,HARINA,SHANGHAI,2024-12-31,2:16,2025-01-02,4:44,4366.85,,12,EN_REVISION
MOV-00946,B-014,YANG-MING,R-04,muelle  a!!,GRANOS,HAMBURG,2020-03-07,4:22,2020-03-10,13:6,4426.38,11.1,15,PENDIENTE
MOV-00947,B-036,HAPAG-SUR,R-03,MUELLE-A,SOJA,MONTEVIDEO,02/08/2024,9:21,2024-08-04,3:24,4665.7,10.6,12,EN_REVISION
MOV-00948,B-020,COSCO-TIGRE,R-02,muelle  d!!,TRIGO,SANTA FE,13/12/2022,7:49,2022-12-13,10:35 PM,5617.01,7.1,10,PENDIENTE
MOV-00949,B-025,CMA-ROSARIO,R-08,MUELLE-F,TRIGO,SHANGHAI,2020-10-24,10:09,2020-10-26,null,2872.48,11.3,10,DESPACHADO
MOV-00950,B-003,PIL-SANTA,R-02,MUELLE-E,MAIZ,SANTA FE,2023-12-24,17:51,2023-12-25,4:42,6103.83,13.3,10,EN_REVISION
MOV-00951,B-019,YANG-MING,R-05,MUELLE-B,GRANOS,MONTEVIDEO,2020-11-01,8:34,2020-11-03,1:15,5283.25,9.8,15,PENDIENTE
MOV-00952,B-008,YANG-ESTE,R-04,MUELLE-F,CONTENEDORES,SANTA FE,2024-11-23,16:36,2024-11-24,5:22,5807.37,13.2,10,RECHAZADO
MOV-00953,B-006,PIL-SANTA,R-02,muelle  b!!,SOJA,BUENOS AIRES,2023-07-21,3:19,2023-07-21,00:0,,8.0,15,DESPACHADO
MOV-00954,B-030,MAERSK-LIMA,R-05,MUELLE-F,MINERALES,SAO PAULO,2024-04-11,12:17,2024-04-13,19:01,5558.72,12.2,12,DESPACHADO
MOV-00955,B-001,,R-04,MUELLE-B,SOJA,SAO PAULO,2020-07-01,5:52,00/00/0000,03-05,4938.69,0.9,12,
MOV-00956,B-035,YANG-ESTE,R-07,MUELLE-F,ACEITE,VALPARAISO,22/03/2022,1:24,2022-03-23,12:59,5165.58,10.2,10,RECHAZADO
MOV-00957,B-007,MSC-GENOVA,R-01,MUELLE-D,MINERALES,SANTA FE,2023-09-01,15:20,2023-09-03,15:10,,14.5,10,DESPACHADO
MOV-00958,B-006,@#$%,R-06,MUELLE-E,CONTENEDORES,HAMBURG,2022-11-28,9:42,2022-11-30,08:50 AM,5123.52,192.4,15,EN_REVISION
MOV-00959,B-026,EVERGREEN-02,R-04,MUELLE-F,CONTENEDORES,BUENOS AIRES,2022-07-19,6:36,2022-07-21,23:27,4205.15,9.4,10,RECHAZADO
MOV-00960,B-025,ZIM-NORTE,R-08,MUELLE-F,SOJA,VALPARAISO,2023-03-26,AB:CD,2023-03-27,5:02,8027.74,11.6,12,DESPACHADO
MOV-00961,B-038,ZIM-NORTE,R-04,MUELLE-C,HARINA,ROTTERDAM,2023-11-22,AB:CD,2023-11-23,2:40,3197.99,15.2,15,EN_REVISION
MOV-00962,B-010,EVERGREEN-02,R-06,MUELLE-B,GRANOS,SHANGHAI,2020-01-15,1:42,2020-01-15,10:14 PM,4463.38,10.7,10,DESPACHADO
MOV-00963,B-015,MSC-GENOVA,R-01,MUELLE-F,MAIZ,SAO PAULO,2023-07-02,1:48,2023-07-04,16:33,4413.65,9.5,15,EN_REVISION
MOV-00964,B-039,CMA-ROSARIO,R-03,MUELLE-A,MAIZ,MONTEVIDEO,2024-01-29,12:52,2024-01-31,23:02,3306.9,14.7,15,DESPACHADO
MOV-00965,B-030,MAERSK-PAMPAS,R-05,MUELLE-A,TRIGO,MONTEVIDEO,2023-03-16,23:14,2023-03-18,21:44,5350.22,7.6,15,PENDIENTE
MOV-00966,B-021,HAPAG-RIO,R-07,MUELLE-C,HARINA,VALPARAISO,2023-07-13,13:49,2023-07-16,0:18,5057.62,9.7,15,EN_REVISION
MOV-00967,B-004,COSCO-TIGRE,R-03,MUELLE-D,MINERALES,SANTA FE,2020-11-07,0:45,2020-11-08,17:07,6390.46,10.2,15,PENDIENTE
MOV-00968,B-032,CMA-LITORAL,R-04,muelle  f!!,MINERALES,SAO PAULO,2024-04-12,11:04,2024-04-13,01:29 AM,7323.66,11.1,12,EN_REVISION
MOV-00969,B-036,YANG-MING,R-03,MUELLE-B,TRIGO,SANTA FE,2020-03-06,23:32,2020-03-07,7:01,3904.63,11.2,10,DESPACHADO
MOV-00970,B-023,YANG-MING,R-06,MUELLE-B,MAIZ,SANTA FE,2024-09-26,0:35,2024-09-27,null,5291.34,12.8,12,
MOV-00971,B-024,COSCO-STAR,R-01,MUELLE-E,SOJA,VALPARAISO,32/13/2021,22:03,2021-03-02,05:51 AM,4843.29,10.5,10,EN_REVISION
MOV-00972,B-008,MAERSK-PAMPAS,R-03,MUELLE-E,GRANOS,BUENOS AIRES,2024-09-16,AB:CD,00/00/0000,7:47,4786.26,,12,RECHAZADO
MOV-00973,B-022,zim norte!!,R-01,MUELLE-A,ACEITE,BUENOS AIRES,27/08/2024,22:10,2024-08-30,05:01 PM,4444.08,12.9,12,RECHAZADO
MOV-00974,B-022,EVERGREEN-02,R-03,MUELLE-F,TRIGO,MONTEVIDEO,2021-10-26,16:53,2021-10-27,17:48,3217.53,4.9,10,PENDIENTE
MOV-00975,B-022,HAPAG-RIO,R-06,MUELLE-C,CONTENEDORES,MONTEVIDEO,2020-12-28,12:02,00/00/0000,02:21 PM,-1279.76,13.3,15,RECHAZADO
MOV-00976,B-009,HAPAG-RIO,R-04,MUELLE-C,ACEITE,VALPARAISO,2024-02-17,11:36,2024-02-19,15:09,4376.1,10.9,12,EN_REVISION
MOV-00977,B-007,COSCO-STAR,R-07,MUELLE-A,ACEITE,HAMBURG,2023-09-12,AB:CD,2023-09-12,07:13 AM,5171.25,10.6,12,DESPACHADO
MOV-00978,B-032,PIL-SANTA,R-07,MUELLE-A,SOJA,SAO PAULO,2020-09-16,14:06,2020-09-18,12:14,2894.58,9.2,15,RECHAZADO
MOV-00979,B-007,ZIM-NORTE,R-05,MUELLE-B,MINERALES,ROTTERDAM,2020-01-18,20:00,2020-01-21,08:47 PM,7494.95,14.1,15,PENDIENTE
MOV-00980,B-038,HAPAG-RIO,R-07,MUELLE-B,CONTENEDORES,SHANGHAI,32/13/2021,11:36,2024-08-28,8:10,4428.69,9.9,12,EN_REVISION
MOV-00981,B-024,ONE-PLATA,R-06,MUELLE-D,TRIGO,HAMBURG,2020-05-27,12:30,2020-05-30,9:53,1958.1,16.4,15,EN_REVISION
MOV-00982,B-002,MSC-GENOVA,R-08,MUELLE-E,TRIGO,ROTTERDAM,2022-10-23,10:18,2022-10-23,11:14,5473.32,13.6,15,PENDIENTE
MOV-00983,B-022,MAERSK-LIMA,R-05,MUELLE-E,MINERALES,MONTEVIDEO,2020-09-19,7:17,2020-09-22,14:05,,11.4,10,EN_REVISION
MOV-00984,B-020,pil santa!!,R-06,MUELLE-E,HARINA,HAMBURG,2023-02-28,28:20:00,2023-02-28,10:44 PM,5542.92,13.1,15,
MOV-00985,B-025,YANG-MING,R-05,MUELLE-D,ACEITE,SAO PAULO,2024-07-19,28:31:00,2024-07-21,2:52,6065.6,10.9,12,DESPACHADO
MOV-00986,B-027,EVER-GLORY,R-01,MUELLE-E,MAIZ,SAO PAULO,2022-05-18,18:01,2022-05-19,1:21,3243.32,10.1,10,RECHAZADO
MOV-00987,B-014,,R-04,MUELLE-C,HARINA,SANTA FE,2020-08-22,12:11,2020-08-23,10:43 AM,3743.84,,10,RECHAZADO
MOV-00988,B-012,MAERSK-PAMPAS,R-01,MUELLE-A,MAIZ,MONTEVIDEO,2021-01-07,14:49,2021-01-08,23:55 XM,4250.95,9.3,12,PENDIENTE
MOV-00989,B-011,MAERSK-PAMPAS,R-01,MUELLE-C,HARINA,ROTTERDAM,25/02/2024,8:31,2024-02-27,10:35,3950.28,15.0,10,RECHAZADO
MOV-00990,B-031,HAPAG-SUR,R-05,MUELLE-A,MINERALES,SANTA FE,2024-05-07,1:27,2024-05-07,____,3814.45,13.7,12,EN_REVISION
MOV-00991,B-029,MSC-GENOVA,R-01,MUELLE-C,TRIGO,HAMBURG,32/13/2021,12:46,2021-11-18,11:16,3254.22,6.3,10,DESPACHADO
MOV-00992,B-017,CMA-ROSARIO,R-06,MUELLE-B,ACEITE,VALPARAISO,2023-03-27,19:05,29-03-2023,13:28,,7.5,10,DESPACHADO
MOV-00993,B-019,EVER-GLORY,R-05,MUELLE-B,TRIGO,ROTTERDAM,2023-12-03,4:41,2023-12-04,24:00:00,,8.0,12,EN_REVISION
MOV-00994,B-037,HAPAG-SUR,R-03,MUELLE-F,TRIGO,MONTEVIDEO,2023-06-23,15:23,2023-06-26,8:37 AM,8161.82,16.5,10,DESPACHADO
MOV-00995,B-017,HAPAG-RIO,R-01,MUELLE-C,SOJA,ROTTERDAM,2022-06-21,9:02,2022-06-23,6:05,6580.17,15.4,10,EN_REVISION
MOV-00996,B-001,ONE-PLATA,R-06,MUELLE-C,MINERALES,BUENOS AIRES,2022-12-02,9:39,2022-12-04,18:08,4444.96,16.2,12,RECHAZADO
MOV-00997,B-012,PIL-SANTA,R-06,MUELLE-B,ACEITE,MONTEVIDEO,2020-07-04,22:03,2020-07-07,07:09 AM,4951.59,10.6,10,RECHAZADO
MOV-00998,B-030,ONE-PARANA,R-05,MUELLE-F,GRANOS,SANTA FE,2020-11-13,11:39,2020-11-16,02:00 AM,6421.14,16.8,12,PENDIENTE
MOV-00999,B-017,YANG-ESTE,R-05,MUELLE-D,HARINA,ROTTERDAM,2020-07-31,15:46,2020-08-02,13:21,4559.67,15.8,12,DESPACHADO
MOV-01000,B-034,YANG-ESTE,R-08,MUELLE-E,MINERALES,HAMBURG,2024-12-14,14:48,16-12-2024,06:04 PM,,14.6,12,EN_REVISION
MOV-01001,B-005,PIL-OESTE,R-04,MUELLE-C,CONTENEDORES,SAO PAULO,2021-08-09,9:30,2021-08-10,11:19,6762.91,15.7,15,DESPACHADO
MOV-01002,B-017,ONE-PLATA,R-01,MUELLE-C,TRIGO,BUENOS AIRES,2023-07-25,9:15,2023-07-26,0:49,6833.54,13.0,12,RECHAZADO
MOV-01003,B-009,COSCO-STAR,R-04,MUELLE-E,GRANOS,HAMBURG,2022-03-20,13:04,2022-03-22,____,3700.93,10.8,10,PENDIENTE
MOV-01004,B-034,ZIM-NORTE,R-07,MUELLE-D,GRANOS,SHANGHAI,2022-12-13,9:11,2022-12-16,22:53,2908.46,16.3,15,EN_REVISION
MOV-01005,B-011,ONE-PARANA,R-03,MUELLE-A,TRIGO,ROTTERDAM,2024-06-01,14:59,2024-06-04,05:48 PM,1674.8,199.3,10,RECHAZADO
MOV-01006,B-001,MAERSK-PAMPAS,R-03,MUELLE-F,TRIGO,SAO PAULO,2023-12-13,11:30,2023-12-14,0:03,4281.75,9.9,15,EN_REVISION
MOV-01007,B-015,CMA-ROSARIO,R-03,MUELLE-E,ACEITE,HAMBURG,2020-03-26,23:09,2020-03-28,05:48 AM,4727.22,13.7,12,DESPACHADO
MOV-01008,B-038,MAERSK-PAMPAS,R-05,MUELLE-D,MINERALES,SAO PAULO,2022-02-17,19:00,2022-02-19,2:24 AM,6912.89,4.6,12,RECHAZADO
MOV-01009,B-002,MSC-GENOVA,R-07,MUELLE-B,TRIGO,VALPARAISO,32/13/2021,13:17,2020-11-22,9:11 AM,3603.61,10.0,12,EN_REVISION
MOV-01010,B-015,ZIM-DELTA,R-06,MUELLE-D,GRANOS,SHANGHAI,2022-01-19,6:13,2022-01-21,02-22,6744.39,13.1,10,DESPACHADO
MOV-01011,B-019,EVERGREEN-02,R-08,MUELLE-C,ACEITE,SHANGHAI,2021-05-06,22:40,2021-05-09,16:17,6085.13,12.4,15,EN_REVISION
MOV-01012,B-004,CMA-LITORAL,R-03,MUELLE-A,CONTENEDORES,SHANGHAI,2021-01-13,2:19,2021-01-15,sin dato,6155.05,9.1,15,DESPACHADO
MOV-01013,B-024,ZIM-DELTA,R-03,MUELLE-F,SOJA,MONTEVIDEO,2023-12-09,5:37,2023-12-10,17:38,5709.32,10.3,15,EN_REVISION
MOV-01014,B-002,YANG-MING,R-08,MUELLE-E,HARINA,BUENOS AIRES,2021-10-27,9:26,2021-10-27,1:54,5546.29,7.8,10,PENDIENTE
MOV-01015,B-030,MAERSK-PAMPAS,R-07,MUELLE-A,MAIZ,HAMBURG,2020-11-04,0:49,2020-11-05,01:55 AM,4842.18,13.5,10,PENDIENTE
MOV-01016,B-020,EVERGREEN-02,R-03,MUELLE-B,SOJA,BUENOS AIRES,2021-01-28,10:25,2021-01-29,01:51 AM,4544.04,11.9,10,DESPACHADO
MOV-01017,B-040,MAERSK-LIMA,R-08,MUELLE-C,GRANOS,SHANGHAI,2020-02-16,7:17,2020-02-17,7:27,6464.22,15.1,10,DESPACHADO
MOV-01018,B-014,MAERSK-LIMA,R-07,MUELLE-A,TRIGO,HAMBURG,2024-03-04,1:20,2024-03-06,17:16,-2090.34,16.4,15,DESPACHADO
MOV-01019,B-009,ZIM-DELTA,R-04,MUELLE-F,MINERALES,SANTA FE,2022-12-06,0:50,2022-12-06,14:49,3025.99,12.2,12,DESPACHADO
MOV-01020,B-013,YANG-ESTE,R-03,MUELLE-B,MINERALES,SHANGHAI,2022-12-10,10:58,2022-12-11,4:33,5754.72,9.1,10,DESPACHADO
MOV-01021,B-035,ZIM-NORTE,R-04,MUELLE-E,MINERALES,SAO PAULO,24/10/2020,7:34,2020-10-24,17:10,6658.51,8.0,10,RECHAZADO
MOV-01022,B-007,,R-06,MUELLE-C,MAIZ,HAMBURG,2022-11-17,9:00,2022-11-20,6:39,4505.97,12.9,12,RECHAZADO
MOV-01023,B-025,COSCO-STAR,R-02,MUELLE-E,MAIZ,ROTTERDAM,2023-07-15,8:24,2023-07-17,7:21,5223.83,,15,DESPACHADO
MOV-01024,B-021,PIL-SANTA,R-06,MUELLE-E,ACEITE,ROTTERDAM,2024-10-09,2:05,2024-10-11,43:16:00,5855.41,12.4,10,RECHAZADO
MOV-01025,B-015,ZIM-NORTE,R-06,MUELLE-F,GRANOS,SHANGHAI,2021-06-13,0:49,2021-06-13,7:51,7100.77,12.7,10,RECHAZADO
MOV-01026,B-030,EVER-GLORY,R-01,MUELLE-F,CONTENEDORES,MONTEVIDEO,2023-03-26,10:56,2023-03-27,13:17,5967.07,10.8,15,RECHAZADO
MOV-01027,B-033,MSC-GENOVA,R-01,MUELLE-A,CONTENEDORES,BUENOS AIRES,2023-09-18,9:44,2023-09-20,06:00 PM,5288.07,14.5,15,RECHAZADO
MOV-01028,B-007,CMA-ROSARIO,R-05,MUELLE-F,ACEITE,HAMBURG,2020-03-24,8:55,2020-03-26,19:59 XM,6874.66,10.5,10,RECHAZADO
MOV-01029,B-031,EVERGREEN-02,R-07,MUELLE-F,MINERALES,BUENOS AIRES,2022-02-13,8:40,2022-02-15,07:28 PM,5625.38,12.5,12,PENDIENTE
MOV-01030,B-032,PIL-OESTE,R-02,MUELLE-A,CONTENEDORES,BUENOS AIRES,2022-02-20,22:41,2022-02-21,6:8,4619.32,14.9,12,DESPACHADO
MOV-01031,B-012,ZIM-DELTA,R-08,MUELLE-F,MINERALES,VALPARAISO,2023-02-21,3:40,2023-02-22,02:08 AM,4604.55,12.3,15,
MOV-01032,B-035,MAERSK-PAMPAS,R-06,MUELLE-F,TRIGO,SAO PAULO,2024-04-01,30:47:00,02-04-2024,13:38,3807.48,12.8,12,EN_REVISION
MOV-01033,B-027,MAERSK-PAMPAS,R-04,MUELLE-B,GRANOS,HAMBURG,2021-04-25,8:32,2021-04-26,5:38,2726.25,9.3,15,DESPACHADO
MOV-01034,B-031,COSCO-TIGRE,R-06,MUELLE-F,HARINA,BUENOS AIRES,09/07/2021,15:30,2021-07-11,23:47,3694.44,12.0,15,PENDIENTE
MOV-01035,B-023,HAPAG-RIO,R-06,MUELLE-D,TRIGO,SAO PAULO,2022-08-03,8:49,2022-08-03,14:28,3547.17,8.9,10,DESPACHADO
MOV-01036,B-014,COSCO-TIGRE,R-07,MUELLE-E,TRIGO,SAO PAULO,2020-09-22,4:34,2020-09-24,10:36,4132.17,12.1,12,PENDIENTE
MOV-01037,B-004,MSC-GENOVA,R-05,MUELLE-B,TRIGO,VALPARAISO,2021-02-08,6:14,2021-02-09,04:33 AM,5368.34,15.1,12,DESPACHADO
MOV-01038,B-024,MAERSK-LIMA,R-08,MUELLE-D,CONTENEDORES,SANTA FE,2021-09-21,9:46,2021-09-22,2:15 PM,4343.42,17.5,12,RECHAZADO
MOV-01039,B-017,CMA-ROSARIO,R-04,MUELLE-F,GRANOS,SAO PAULO,2023-10-08,16:55,2023-10-09,23:45,3760.03,,15,RECHAZADO
MOV-01040,B-034,COSCO-TIGRE,R-01,MUELLE-D,MINERALES,SAO PAULO,2024-08-24,18:36,2024-08-27,1:57,3646.62,12.1,12,EN_REVISION
MOV-01041,B-014,PIL-OESTE,R-07,MUELLE-B,HARINA,SHANGHAI,2021-10-18,23:18,2021-10-21,11:57,6528.3,12.2,12,EN_REVISION
MOV-01042,B-011,EVERGREEN-02,R-07,MUELLE-F,MINERALES,SAO PAULO,2022-10-31,14:17,00/00/0000,05:06 XM,5935.0,133.1,12,PENDIENTE
MOV-01043,B-036,PIL-OESTE,R-04,MUELLE-F,MINERALES,SHANGHAI,2022-06-01,1:50,2022-06-01,5:14,85006.95,10.2,12,EN_REVISION
MOV-01044,B-032,ONE-PARANA,R-04,MUELLE-E,MINERALES,SANTA FE,2023-09-12,10:24,2023-09-14,7:20,6958.44,17.3,10,EN_REVISION
MOV-01045,B-021,YANG-ESTE,R-04,MUELLE-E,GRANOS,ROTTERDAM,2020-04-02,16:55,2020-04-04,15:08,4991.95,11.0,10,PENDIENTE
MOV-01046,B-005,MSC-GENOVA,R-01,MUELLE-B,ACEITE,VALPARAISO,2021-09-05,18:51,2021-09-06,6:10,4151.79,10.0,10,RECHAZADO
MOV-01047,B-023,ZIM-NORTE,R-07,MUELLE-F,SOJA,SANTA FE,2022-12-03,AB:CD,2022-12-05,18:58,136260.69,9.5,12,DESPACHADO
MOV-01048,B-002,COSCO-STAR,R-03,MUELLE-C,ACEITE,HAMBURG,2023-02-18,1:24,2023-02-18,06:56 AM,5514.99,11.7,12,DESPACHADO
MOV-01049,B-033,@#$%,R-08,MUELLE-A,MINERALES,SANTA FE,2023-05-08,6:45,2023-05-09,05:06 AM,3965.97,8.8,10,DESPACHADO
MOV-01050,B-037,EVERGREEN-02,R-03,MUELLE-B,GRANOS,VALPARAISO,2022-09-05,21:04,2022-09-08,4:37,3546.15,5.8,10,DESPACHADO
MOV-01051,B-025,PIL-OESTE,R-06,MUELLE-A,CONTENEDORES,SHANGHAI,2023-02-09,13:03,2023-02-10,50:06:00,4664.58,10.4,10,RECHAZADO
MOV-01052,B-009,EVER-GLORY,R-07,MUELLE-B,TRIGO,BUENOS AIRES,2023-02-10,21:44,2023-02-13,21:20,5441.39,9.5,12,EN_REVISION
MOV-01053,B-028,MSC-GENOVA,R-02,MUELLE-D,HARINA,BUENOS AIRES,2024-09-15,1:56,2024-09-15,09:08 AM,,17.0,12,DESPACHADO
MOV-01054,B-033,EVER-GLORY,R-07,MUELLE-B,MINERALES,VALPARAISO,2023-11-02,19:40,2023-11-04,11:13 PM,3706.02,14.4,10,EN_REVISION
MOV-01055,B-035,yang ming!!,R-08,MUELLE-D,CONTENEDORES,BUENOS AIRES,2022-10-11,4:33,2022-10-13,05:46 PM,5181.55,13.3,12,EN_REVISION
MOV-01056,B-035,COSCO-TIGRE,R-07,MUELLE-A,TRIGO,VALPARAISO,2023-05-02,20:50,2023-05-05,20:09,4640.71,19.1,15,PENDIENTE
MOV-01057,B-013,msc alpha!!,R-03,MUELLE-C,CONTENEDORES,SANTA FE,2024-09-11,19:19,2024-09-14,18:50,3033.08,11.3,15,DESPACHADO
MOV-01058,B-022,YANG-ESTE,R-04,MUELLE-C,MAIZ,SAO PAULO,2020-01-14,19:05,2020-01-15,11:00 AM,6333.8,15.4,10,PENDIENTE
MOV-01059,B-013,CMA-LITORAL,R-08,MUELLE-E,MAIZ,VALPARAISO,2022-05-24,16:09,2022-05-26,5:01,5021.5,10.6,10,DESPACHADO
MOV-01060,B-028,ONE-PARANA,R-06,MUELLE-C,MINERALES,HAMBURG,2022-05-04,6:49,2022-05-06,7:34 AM,5399.48,6.0,10,EN_REVISION
MOV-01061,B-002,MSC-ALPHA,R-01,MUELLE-B,HARINA,SHANGHAI,2022-11-12,15:10,2022-11-12,01:02 PM,5240.64,16.9,10,EN_REVISION
MOV-01062,B-014,cosco tigre!!,R-06,MUELLE-E,TRIGO,BUENOS AIRES,2020-09-19,3:42,2020-09-19,94:54:00,5320.08,7.4,12,EN_REVISION
MOV-01063,B-023,CMA-LITORAL,R-05,muelle  c!!,TRIGO,SAO PAULO,2020-07-17,3:43,2020-07-19,21:06,3634.6,9.7,12,DESPACHADO
MOV-01064,B-035,EVERGREEN-02,R-07,MUELLE-F,SOJA,BUENOS AIRES,2024-07-14,4:07,2024-07-16,06:41 AM,4602.43,11.9,15,RECHAZADO
MOV-01065,B-003,CMA-LITORAL,R-01,MUELLE-C,MINERALES,SAO PAULO,2024-12-02,16:13,2024-12-04,24:00:00,6932.42,160.7,15,DESPACHADO
MOV-01066,B-010,maersk lima!!,R-03,MUELLE-F,MAIZ,BUENOS AIRES,2020-12-03,15:35,2020-12-05,4:53,5896.25,9.2,15,PENDIENTE
MOV-01067,B-026,EVER-GLORY,R-05,MUELLE-E,ACEITE,SAO PAULO,2021-02-25,10:33,2021-02-27,10:50,5380.8,14.1,12,DESPACHADO
MOV-01068,B-020,ZIM-NORTE,R-04,MUELLE-D,HARINA,BUENOS AIRES,2021-12-17,11:47,2021-12-19,12:7,4280.64,7.5,15,DESPACHADO
MOV-01069,B-037,,R-06,MUELLE-E,CONTENEDORES,BUENOS AIRES,2021-06-10,19:04,2021-06-12,19-28,5516.12,177.4,12,PENDIENTE
MOV-01070,B-015,YANG-ESTE,R-02,MUELLE-C,HARINA,SANTA FE,2021-05-29,30:33:00,00/00/0000,14:56,4588.3,16.9,12,EN_REVISION
MOV-01071,B-039,PIL-OESTE,R-02,MUELLE-C,MINERALES,SAO PAULO,2022-02-19,14:42,20-02-2022,17:43,3784.43,14.8,15,DESPACHADO
MOV-01072,B-018,EVERGREEN-02,R-08,MUELLE-A,ACEITE,SHANGHAI,2022-08-14,0:07,2022-08-14,N/A,4483.02,10.8,12,RECHAZADO
MOV-01073,B-036,MAERSK-PAMPAS,R-02,MUELLE-A,ACEITE,HAMBURG,2024-10-31,18:18,2024-11-02,4:56 PM,6321.17,10.7,12,PENDIENTE
MOV-01074,B-022,ONE-PLATA,R-08,MUELLE-F,CONTENEDORES,ROTTERDAM,2024-03-04,2:22,2024-03-06,14:06,5716.34,8.1,12,EN_REVISION
MOV-01075,B-034,YANG-ESTE,R-07,MUELLE-C,TRIGO,VALPARAISO,2021-07-26,17:55,27-07-2021,1:47,5633.99,10.5,12,EN_REVISION
MOV-01076,B-018,MSC-GENOVA,R-08,MUELLE-B,MINERALES,SAO PAULO,2021-12-21,0:46,2021-12-23,null,7398.82,10.8,10,DESPACHADO
MOV-01077,B-028,PIL-SANTA,R-07,MUELLE-D,GRANOS,SAO PAULO,2021-02-06,18:39,2021-02-09,11:28 AM,6747.56,6.0,12,PENDIENTE
MOV-01078,B-020,,R-05,MUELLE-E,MINERALES,HAMBURG,2024-11-02,0:27,2024-11-02,22:09,5234.78,13.9,10,RECHAZADO
MOV-01079,B-002,COSCO-TIGRE,R-08,MUELLE-C,CONTENEDORES,HAMBURG,2023-01-14,21:07,2023-01-15,9:32 AM,3305.09,12.5,15,DESPACHADO
MOV-01080,B-032,MAERSK-PAMPAS,R-08,MUELLE-A,ACEITE,SANTA FE,32/13/2021,12:54,2024-07-03,10:59 PM,3219.91,,15,RECHAZADO
MOV-01081,B-014,MAERSK-PAMPAS,R-06,MUELLE-F,HARINA,SANTA FE,2021-01-13,16:03,2021-01-13,7:50 AM,6200.13,9.1,12,EN_REVISION
MOV-01082,B-003,ZIM-NORTE,R-06,MUELLE-F,TRIGO,SANTA FE,2022-08-02,20:56,2022-08-04,16:44,8203.39,11.8,10,
MOV-01083,B-039,@#$%,,MUELLE-C,CONTENEDORES,SHANGHAI,2022-06-20,19:41,2022-06-21,22:51,8262.18,10.4,10,EN_REVISION
MOV-01084,B-035,CMA-ROSARIO,R-01,MUELLE-F,CONTENEDORES,MONTEVIDEO,2020-03-07,18:15,2020-03-08,13:1,4230.56,17.8,15,DESPACHADO
MOV-01085,B-034,MAERSK-LIMA,,MUELLE-A,MAIZ,HAMBURG,2024-11-17,4:27,2024-11-18,71:23:00,5491.71,10.5,15,PENDIENTE
MOV-01086,B-037,MAERSK-PAMPAS,R-06,MUELLE-C,HARINA,HAMBURG,2024-08-15,22:48,2024-08-17,2:44,6712.93,15.2,10,RECHAZADO
MOV-01087,B-023,YANG-ESTE,R-04,MUELLE-C,ACEITE,BUENOS AIRES,2020-11-08,14:28,2020-11-10,2:15,3109.37,11.8,15,DESPACHADO
MOV-01088,B-040,EVER-GLORY,,MUELLE-D,GRANOS,VALPARAISO,2023-01-26,9:36,2023-01-28,19:21,6268.84,9.5,12,EN_REVISION
MOV-01089,B-029,PIL-SANTA,R-01,MUELLE-D,HARINA,BUENOS AIRES,2020-10-29,21:30,2020-11-01,19:16,7968.63,7.4,12,PENDIENTE
MOV-01090,B-022,EVERGREEN-02,R-07,muelle  b!!,SOJA,ROTTERDAM,2022-09-17,22:55,2022-09-20,09:02 AM,5614.22,17.1,15,PENDIENTE
MOV-01091,B-011,COSCO-STAR,R-08,muelle  e!!,TRIGO,SAO PAULO,2023-10-28,7:55,2023-10-28,5:10,2646.78,9.8,15,RECHAZADO
MOV-01092,B-003,HAPAG-RIO,R-07,MUELLE-C,GRANOS,SANTA FE,2021-03-20,18:27,2021-03-22,20:56,4235.84,7.5,15,PENDIENTE
MOV-01093,B-027,CMA-LITORAL,R-07,muelle  d!!,TRIGO,VALPARAISO,2022-11-15,22:05,2022-11-17,02:55 XM,4897.59,8.3,12,PENDIENTE
MOV-01094,B-039,MSC-ALPHA,,MUELLE-F,MINERALES,HAMBURG,2022-03-05,16:28,2022-03-06,04:55 PM,4780.17,15.8,12,EN_REVISION
MOV-01095,B-038,MSC-GENOVA,R-07,MUELLE-C,CONTENEDORES,ROTTERDAM,2020-09-06,21:34,2020-09-08,10:55,3922.21,7.3,10,RECHAZADO
MOV-01096,B-025,COSCO-STAR,R-04,MUELLE-E,CONTENEDORES,HAMBURG,2022-10-12,16:15,2022-10-13,5:45,4031.16,3.3,12,EN_REVISION
MOV-01097,B-023,MSC-ALPHA,R-02,MUELLE-F,MAIZ,ROTTERDAM,2023-05-17,8:13,19-05-2023,10:25,4459.14,10.1,12,RECHAZADO
MOV-01098,B-024,CMA-ROSARIO,R-01,MUELLE-B,ACEITE,BUENOS AIRES,2023-09-08,0:51,2023-09-09,05:46 PM,3676.65,10.4,15,DESPACHADO
MOV-01099,B-012,,R-01,MUELLE-C,MAIZ,SAO PAULO,2024-03-03,16:39,04-03-2024,14:03,4935.89,12.0,10,PENDIENTE
MOV-01100,B-031,MSC-GENOVA,R-03,muelle  c!!,CONTENEDORES,BUENOS AIRES,32/13/2021,6:02,2024-08-11,05:18 PM,5267.25,10.0,15,DESPACHADO
MOV-01101,B-030,MAERSK-LIMA,R-05,MUELLE-D,TRIGO,MONTEVIDEO,2022-06-27,9:15,2022-06-28,4:04,4896.08,13.2,10,DESPACHADO
MOV-01102,B-004,ZIM-DELTA,R-07,MUELLE-F,MINERALES,SANTA FE,2020-01-16,11:57,2020-01-18,1:47,3999.93,12.7,10,PENDIENTE
MOV-01103,B-015,ZIM-DELTA,R-01,MUELLE-F,ACEITE,VALPARAISO,2024-11-18,13:21,2024-11-21,6:20,4813.78,7.4,10,
MOV-01104,B-003,YANG-MING,R-02,MUELLE-F,SOJA,SHANGHAI,2020-07-20,1:38,2020-07-21,14:43,4702.16,,12,EN_REVISION
MOV-01105,B-017,ZIM-DELTA,R-08,MUELLE-D,GRANOS,MONTEVIDEO,2021-07-06,14:03,2021-07-07,16:27,5039.83,11.6,15,DESPACHADO
MOV-01106,B-025,YANG-ESTE,R-08,MUELLE-C,GRANOS,SHANGHAI,2024-05-04,18:15,2024-05-05,2:18 AM,3033.35,12.2,15,
MOV-01107,B-039,PIL-SANTA,R-05,MUELLE-A,CONTENEDORES,SHANGHAI,2024-02-24,10:36,25-02-2024,11:34,7181.14,9.4,10,EN_REVISION
MOV-01108,B-008,@#$%,R-03,MUELLE-D,GRANOS,MONTEVIDEO,32/13/2021,17:27,2020-09-08,10:05 PM,5519.86,,10,RECHAZADO
MOV-01109,B-026,HAPAG-RIO,R-01,MUELLE-C,MINERALES,HAMBURG,2021-07-22,21:37,2021-07-25,2:41,6248.64,7.8,10,RECHAZADO
MOV-01110,B-037,MAERSK-LIMA,R-03,MUELLE-B,GRANOS,SHANGHAI,2024-10-18,23:53,2024-10-21,10:40,6131.23,11.5,10,DESPACHADO
MOV-01111,B-032,PIL-SANTA,R-08,MUELLE-C,MINERALES,HAMBURG,2023-09-27,21:21,2023-09-29,23:40,2561.03,18.2,15,PENDIENTE
MOV-01112,B-037,COSCO-STAR,R-07,MUELLE-E,TRIGO,SAO PAULO,32/13/2021,7:48,2020-06-08,2:59,5022.99,12.8,15,EN_REVISION
MOV-01113,B-031,ONE-PLATA,R-02,MUELLE-A,MAIZ,MONTEVIDEO,2021-08-17,23:23,2021-08-18,16:38,3508.01,9.6,10,RECHAZADO
MOV-01114,B-004,MSC-ALPHA,R-06,MUELLE-D,MINERALES,HAMBURG,2023-10-02,9:13,2023-10-04,6:56,4216.9,,10,DESPACHADO
MOV-01115,B-024,CMA-LITORAL,R-06,MUELLE-D,MAIZ,VALPARAISO,2022-02-12,14:00,2022-02-15,17:02,5172.36,97.5,15,PENDIENTE
MOV-01116,B-038,CMA-ROSARIO,R-02,MUELLE-A,SOJA,BUENOS AIRES,2020-08-20,6:09,2020-08-21,13:24,2833.89,7.4,15,RECHAZADO
MOV-01117,B-011,COSCO-TIGRE,R-03,MUELLE-C,ACEITE,SHANGHAI,2020-09-09,7:21,2020-09-10,10:33 PM,4381.74,12.9,10,EN_REVISION
MOV-01118,B-017,HAPAG-SUR,R-01,MUELLE-F,GRANOS,ROTTERDAM,2022-12-12,2:03,2022-12-14,9:08,5259.92,9.8,15,DESPACHADO
MOV-01119,B-028,PIL-SANTA,R-02,MUELLE-E,ACEITE,VALPARAISO,2022-03-13,11:46,2022-03-13,19:31,5643.15,16.2,12,DESPACHADO
MOV-01120,B-020,PIL-OESTE,R-03,MUELLE-B,SOJA,BUENOS AIRES,2023-05-29,8:32,2023-05-30,17:55,4584.92,,15,DESPACHADO
MOV-01121,B-007,CMA-LITORAL,R-05,MUELLE-A,MAIZ,SANTA FE,2022-11-17,16:25,2022-11-19,5:23,4617.38,8.9,15,EN_REVISION
MOV-01122,B-021,ONE-PARANA,R-03,MUELLE-F,SOJA,SANTA FE,2024-12-12,4:13,2024-12-12,12:49,5348.84,12.6,12,DESPACHADO
MOV-01123,B-016,HAPAG-RIO,R-01,MUELLE-B,ACEITE,SAO PAULO,32/13/2021,1:52,2024-06-28,1:46,5806.3,15.1,12,EN_REVISION
MOV-01124,B-032,HAPAG-SUR,R-03,MUELLE-A,GRANOS,HAMBURG,2020-04-16,0:15,2020-04-17,7:14,5433.31,14.2,15,EN_REVISION
MOV-01125,B-028,ZIM-NORTE,R-04,MUELLE-E,MAIZ,HAMBURG,2023-12-31,7:37,2024-01-02,12:04 PM,5045.87,4.6,15,RECHAZADO
MOV-01126,B-003,PIL-SANTA,,MUELLE-F,TRIGO,SHANGHAI,2023-06-11,19:23,2023-06-13,22:45,5126.73,9.8,15,
MOV-01127,B-036,ZIM-NORTE,R-05,MUELLE-E,HARINA,ROTTERDAM,2022-05-02,22:26,2022-05-03,9:37,5266.41,8.8,15,PENDIENTE
MOV-01128,B-013,EVER-GLORY,R-06,MUELLE-E,SOJA,SHANGHAI,11/11/2023,11:07,2023-11-12,14:06,6019.66,182.4,15,EN_REVISION
MOV-01129,B-010,CMA-ROSARIO,R-04,MUELLE-C,MAIZ,ROTTERDAM,2024-11-13,1:45,2024-11-14,17:58,6167.0,7.6,12,RECHAZADO
MOV-01130,B-021,CMA-ROSARIO,R-02,MUELLE-A,MAIZ,HAMBURG,2024-12-30,AB:CD,2024-12-30,5:38,6192.08,11.0,12,
MOV-01131,B-035,MAERSK-LIMA,R-01,MUELLE-B,CONTENEDORES,VALPARAISO,2020-09-21,2:32,22-09-2020,2:21,4609.09,7.6,10,EN_REVISION
MOV-01132,B-031,MSC-GENOVA,R-04,MUELLE-F,MAIZ,SANTA FE,2021-06-07,6:46,2021-06-08,04:43 AM,5395.42,14.4,12,EN_REVISION
MOV-01133,B-031,CMA-ROSARIO,R-03,MUELLE-F,TRIGO,SHANGHAI,2020-09-24,21:05,2020-09-27,12:03 AM,5124.49,2.1,12,RECHAZADO
MOV-01134,B-030,COSCO-STAR,R-03,MUELLE-B,SOJA,SAO PAULO,22/07/2021,16:30,2021-07-24,07:31 PM,3661.78,7.8,10,RECHAZADO
MOV-01135,B-038,COSCO-TIGRE,R-05,MUELLE-F,GRANOS,SAO PAULO,2022-11-10,10:39,2022-11-11,4:46,4203.33,14.8,12,DESPACHADO
MOV-01136,B-015,ONE-PLATA,R-06,MUELLE-D,MINERALES,SANTA FE,2020-06-01,11:12,2020-06-04,17:25,6946.24,11.3,15,PENDIENTE
MOV-01137,B-030,ONE-PLATA,R-03,MUELLE-F,MAIZ,BUENOS AIRES,22/10/2023,21:00,2023-10-24,N/A,4919.13,8.7,10,
MOV-01138,B-020,ZIM-NORTE,R-07,MUELLE-D,MINERALES,BUENOS AIRES,2020-09-15,AB:CD,2020-09-18,15:38,,14.4,12,
MOV-01139,B-016,CMA-ROSARIO,R-05,MUELLE-D,CONTENEDORES,HAMBURG,2024-03-25,6:40,2024-03-25,07:40 AM,3234.07,,10,EN_REVISION
MOV-01140,B-013,EVER-GLORY,R-02,MUELLE-E,CONTENEDORES,VALPARAISO,2022-01-01,22:24,2022-01-04,12:34 PM,5329.75,12.9,12,
MOV-01141,B-022,ONE-PARANA,R-07,MUELLE-B,ACEITE,BUENOS AIRES,2021-06-12,25:31:00,2021-06-12,1:09,5128.97,13.1,12,PENDIENTE
MOV-01142,B-028,CMA-LITORAL,R-04,MUELLE-F,ACEITE,SAO PAULO,2020-09-02,3:53,2020-09-04,07:27 AM,4494.89,9.7,12,EN_REVISION
MOV-01143,B-026,ONE-PLATA,R-03,MUELLE-F,ACEITE,SANTA FE,2021-09-28,1:11,2021-09-29,16:24,,,15,DESPACHADO
MOV-01144,B-033,COSCO-STAR,R-08,MUELLE-B,ACEITE,VALPARAISO,2023-12-12,22:30,2023-12-15,08:15 PM,5961.88,10.5,12,EN_REVISION
MOV-01145,B-030,EVERGREEN-02,R-06,MUELLE-B,MINERALES,HAMBURG,2021-12-21,27:01:00,2021-12-23,8:32,,6.6,15,PENDIENTE
MOV-01146,B-015,CMA-ROSARIO,R-05,MUELLE-D,GRANOS,HAMBURG,2024-06-14,3:45,2024-06-16,21:46,4481.85,13.0,15,PENDIENTE
MOV-01147,B-036,PIL-OESTE,R-06,MUELLE-B,TRIGO,ROTTERDAM,2023-03-13,13:46,2023-03-15,07:39 PM,5319.68,8.6,12,DESPACHADO
MOV-01148,B-029,MAERSK-LIMA,R-04,MUELLE-B,MAIZ,VALPARAISO,2022-03-18,21:58,2022-03-19,11:09 AM,5857.98,15.4,10,DESPACHADO
MOV-01149,B-023,MSC-GENOVA,R-03,MUELLE-F,MAIZ,MONTEVIDEO,2023-07-27,10:37,2023-07-29,5:45,3279.93,12.6,15,DESPACHADO
MOV-01150,B-013,CMA-ROSARIO,R-08,MUELLE-E,TRIGO,ROTTERDAM,25/03/2020,0:08,2020-03-27,8:53,7654.71,15.6,10,PENDIENTE
MOV-01151,B-024,EVERGREEN-02,R-08,MUELLE-B,SOJA,SANTA FE,2021-02-02,2:35,2021-02-04,5:0,5641.71,15.5,15,EN_REVISION
MOV-01152,B-022,EVER-GLORY,R-03,MUELLE-F,MINERALES,SHANGHAI,2020-02-07,0:38,2020-02-07,08:49 PM,3779.2,11.5,15,DESPACHADO
MOV-01153,B-014,,R-06,MUELLE-E,MINERALES,SHANGHAI,01/03/2020,6:10,2020-03-02,10:21 AM,3737.3,194.6,15,DESPACHADO
MOV-01154,B-035,MAERSK-PAMPAS,R-08,MUELLE-F,ACEITE,HAMBURG,2023-04-18,10:36,2023-04-19,sin dato,4191.98,15.2,10,EN_REVISION
MOV-01155,B-015,ZIM-NORTE,R-05,MUELLE-F,ACEITE,SANTA FE,2024-11-30,12:16,2024-12-01,08:35 AM,5562.04,11.1,12,EN_REVISION
MOV-01156,B-024,ZIM-NORTE,R-06,MUELLE-D,HARINA,BUENOS AIRES,2022-07-26,20:09,2022-07-29,____,6627.78,13.5,12,DESPACHADO
MOV-01157,B-034,CMA-ROSARIO,R-05,MUELLE-B,MINERALES,SANTA FE,2023-07-10,18:12,2023-07-12,12:29 AM,4070.5,12.9,12,EN_REVISION
MOV-01158,B-014,MSC-ALPHA,R-08,MUELLE-A,MAIZ,SHANGHAI,2020-11-12,7:00,2020-11-12,16:32,7827.94,149.6,10,RECHAZADO
MOV-01159,B-035,ONE-PARANA,R-07,MUELLE-F,GRANOS,SAO PAULO,2024-08-08,7:52,2024-08-10,17:52,5779.39,18.3,10,
MOV-01160,B-018,COSCO-TIGRE,R-02,MUELLE-C,TRIGO,SAO PAULO,2024-02-10,18:05,2024-02-13,14:34,5380.3,12.2,12,RECHAZADO
MOV-01161,B-001,MSC-ALPHA,R-05,MUELLE-C,CONTENEDORES,ROTTERDAM,2024-01-23,15:19,2024-01-24,0:58,4016.72,11.6,15,DESPACHADO
MOV-01162,B-038,ONE-PLATA,,MUELLE-A,ACEITE,SANTA FE,2024-10-29,4:42,2024-10-29,16:28,2836.28,13.4,10,DESPACHADO
MOV-01163,B-015,PIL-OESTE,R-02,MUELLE-A,CONTENEDORES,VALPARAISO,2022-07-10,12:59,2022-07-12,05:15 PM,3870.54,13.1,15,EN_REVISION
MOV-01164,B-024,EVER-GLORY,,MUELLE-E,MINERALES,MONTEVIDEO,25/02/2024,8:09,2024-02-26,N/A,6347.81,11.9,12,RECHAZADO
MOV-01165,B-020,MAERSK-PAMPAS,R-07,MUELLE-B,GRANOS,SAO PAULO,2020-04-23,6:05,2020-04-24,39:23:00,5159.21,10.8,10,PENDIENTE
MOV-01166,B-010,PIL-OESTE,R-07,MUELLE-A,ACEITE,BUENOS AIRES,2021-12-10,14:45,2021-12-13,18:5,5577.54,15.8,12,EN_REVISION
MOV-01167,B-035,PIL-OESTE,R-06,MUELLE-F,CONTENEDORES,VALPARAISO,2021-10-31,21:24,2021-11-01,06:23 PM,3555.13,12.8,10,DESPACHADO
MOV-01168,B-019,CMA-ROSARIO,,MUELLE-E,ACEITE,BUENOS AIRES,2022-09-12,18:46,2022-09-13,6:44,6297.3,11.3,12,RECHAZADO
MOV-01169,B-011,MAERSK-LIMA,R-03,MUELLE-A,ACEITE,BUENOS AIRES,2024-06-19,12:10,2024-06-21,0:20,3287.42,7.2,15,DESPACHADO
MOV-01170,B-035,COSCO-STAR,R-05,MUELLE-A,TRIGO,SANTA FE,2024-03-29,16:53,2024-03-31,9:22,3873.0,18.6,15,RECHAZADO
MOV-01171,B-037,YANG-ESTE,R-08,MUELLE-A,MAIZ,VALPARAISO,2020-06-25,0:58,2020-06-25,02:08 PM,7750.98,12.2,10,EN_REVISION
MOV-01172,B-031,ZIM-DELTA,R-06,MUELLE-C,HARINA,BUENOS AIRES,2022-04-12,13:06,2022-04-14,22:35,4467.8,12.3,12,EN_REVISION
MOV-01173,B-037,EVER-GLORY,R-07,MUELLE-B,MINERALES,SHANGHAI,2021-01-21,6:45,2021-01-21,20:43,6705.74,8.5,12,PENDIENTE
MOV-01174,B-006,MAERSK-PAMPAS,R-03,MUELLE-B,GRANOS,ROTTERDAM,2021-07-19,8:12,2021-07-21,18:12,4699.89,,15,EN_REVISION
MOV-01175,B-029,COSCO-TIGRE,R-04,MUELLE-C,MAIZ,HAMBURG,2023-01-21,10:42,2023-01-24,8:58,5818.6,9.1,12,DESPACHADO
MOV-01176,B-022,YANG-MING,R-07,MUELLE-C,CONTENEDORES,BUENOS AIRES,2023-09-01,0:15,2023-09-02,01:54 AM,5888.26,15.8,12,RECHAZADO
MOV-01177,B-030,MSC-ALPHA,R-08,MUELLE-B,ACEITE,BUENOS AIRES,2022-03-21,18:43,2022-03-23,80:05:00,6508.01,15.0,12,EN_REVISION
MOV-01178,B-017,CMA-ROSARIO,R-02,MUELLE-A,MAIZ,MONTEVIDEO,2021-12-24,15:58,2021-12-26,14:34,,16.3,12,PENDIENTE
MOV-01179,B-010,MAERSK-LIMA,R-01,MUELLE-E,TRIGO,SHANGHAI,26/05/2023,4:10,2023-05-28,14:41,3745.37,19.7,10,PENDIENTE
MOV-01180,B-014,yang ming!!,R-08,MUELLE-D,MINERALES,SANTA FE,2021-09-28,9:25,2021-09-30,04:11 PM,6227.97,11.0,10,DESPACHADO
MOV-01181,B-022,PIL-OESTE,R-03,MUELLE-C,CONTENEDORES,MONTEVIDEO,2024-03-17,4:13,2024-03-18,____,5309.87,9.2,15,RECHAZADO
MOV-01182,B-017,PIL-SANTA,R-07,MUELLE-D,CONTENEDORES,BUENOS AIRES,2023-05-12,23:47,2023-05-15,11:43 AM,3290.84,17.6,12,DESPACHADO
MOV-01183,B-002,ZIM-DELTA,R-06,MUELLE-A,CONTENEDORES,SHANGHAI,2021-07-13,28:37:00,2021-07-14,05:24 PM,5267.81,9.9,12,RECHAZADO
MOV-01184,B-040,ZIM-NORTE,R-01,MUELLE-A,MAIZ,MONTEVIDEO,14/04/2024,11:11,2024-04-14,01:03 PM,5739.8,,15,DESPACHADO
MOV-01185,B-012,zim delta!!,R-02,MUELLE-E,CONTENEDORES,HAMBURG,2021-12-13,19:01,2021-12-15,05:17 AM,5571.91,12.3,15,PENDIENTE
MOV-01186,B-014,HAPAG-RIO,R-05,MUELLE-C,TRIGO,VALPARAISO,2020-08-20,11:58,2020-08-21,22:06,98263.27,,12,PENDIENTE
MOV-01187,B-034,MSC-GENOVA,R-04,MUELLE-C,SOJA,MONTEVIDEO,2020-01-26,0:23,2020-01-27,22:46,5580.29,14.6,15,PENDIENTE
MOV-01188,B-034,,R-03,MUELLE-D,MINERALES,SANTA FE,2022-11-01,3:07,2022-11-03,1:24,4997.8,10.7,12,DESPACHADO
MOV-01189,B-040,@#$%,R-05,MUELLE-A,MINERALES,SHANGHAI,2020-01-25,11:50,2020-01-26,N/A,4835.33,11.5,15,PENDIENTE
MOV-01190,B-040,HAPAG-SUR,R-01,MUELLE-F,GRANOS,SAO PAULO,2021-08-25,1:21,2021-08-27,20:47,,9.6,15,
MOV-01191,B-007,COSCO-STAR,R-03,MUELLE-A,TRIGO,VALPARAISO,2022-12-29,0:04,2022-12-29,01:3,4290.01,12.9,12,DESPACHADO
MOV-01192,B-028,ONE-PLATA,R-07,MUELLE-B,SOJA,MONTEVIDEO,2023-05-22,0:19,2023-05-23,6:42,5626.15,9.1,15,EN_REVISION
MOV-01193,B-038,MSC-ALPHA,R-03,muelle  c!!,CONTENEDORES,SANTA FE,2022-07-10,13:19,2022-07-12,15:57,3452.63,12.4,10,DESPACHADO
MOV-01194,B-013,CMA-ROSARIO,R-01,MUELLE-E,ACEITE,MONTEVIDEO,2022-01-08,22:32,2022-01-11,11:45,,11.4,10,EN_REVISION
MOV-01195,B-013,YANG-ESTE,R-05,MUELLE-D,HARINA,VALPARAISO,2023-02-15,7:20,2023-02-17,4:16,5872.27,14.5,15,EN_REVISION
MOV-01196,B-011,EVER-GLORY,R-02,MUELLE-D,CONTENEDORES,SAO PAULO,2023-11-16,4:05,2023-11-18,11:03 PM,4947.06,,12,PENDIENTE
MOV-01197,B-008,YANG-MING,R-04,MUELLE-C,HARINA,MONTEVIDEO,2024-12-26,18:16,2024-12-28,5:53,6190.05,13.6,12,DESPACHADO
MOV-01198,B-018,HAPAG-SUR,R-03,MUELLE-C,CONTENEDORES,VALPARAISO,2020-12-21,8:28,2020-12-22,08:12 PM,96471.77,8.8,12,PENDIENTE
MOV-01199,B-018,HAPAG-SUR,R-03,MUELLE-F,TRIGO,SANTA FE,32/13/2021,8:20,2020-12-18,21:23,7120.08,10.6,15,EN_REVISION
MOV-01200,B-027,MSC-GENOVA,R-07,MUELLE-D,CONTENEDORES,BUENOS AIRES,2022-04-26,7:47,2022-04-28,07:36 AM,3274.43,16.2,15,DESPACHADO
MOV-01201,B-011,MSC-ALPHA,R-01,MUELLE-B,TRIGO,BUENOS AIRES,2021-01-18,15:10,2021-01-21,4:03,7531.65,13.8,10,RECHAZADO
MOV-01202,B-029,ONE-PLATA,R-05,MUELLE-B,GRANOS,SANTA FE,2020-10-06,8:25,2020-10-06,5:27,4783.15,14.4,12,DESPACHADO
MOV-01203,B-031,MAERSK-PAMPAS,R-04,MUELLE-D,MAIZ,SAO PAULO,2022-08-18,21:52,00/00/0000,24:00:00,4244.02,15.0,15,DESPACHADO
MOV-01204,B-028,MSC-GENOVA,R-03,MUELLE-E,ACEITE,ROTTERDAM,2022-05-08,6:22,2022-05-10,17:48,4813.3,12.2,15,RECHAZADO
MOV-01205,B-009,PIL-SANTA,R-06,MUELLE-E,HARINA,SANTA FE,2021-10-20,12:23,2021-10-21,09:36 AM,6629.32,11.6,10,EN_REVISION
MOV-01206,B-036,EVERGREEN-02,R-03,MUELLE-C,SOJA,MONTEVIDEO,2023-02-02,9:26,2023-02-04,05:21 PM,7652.99,9.5,15,PENDIENTE
MOV-01207,B-040,COSCO-TIGRE,R-08,MUELLE-C,GRANOS,MONTEVIDEO,2021-07-05,1:28,2021-07-05,18:43,5754.73,8.0,12,DESPACHADO
MOV-01208,B-025,ZIM-DELTA,R-06,MUELLE-B,HARINA,ROTTERDAM,2020-12-09,0:17,2020-12-09,12:59,4266.47,16.4,15,DESPACHADO
MOV-01209,B-033,EVER-GLORY,R-05,MUELLE-A,SOJA,HAMBURG,2021-05-17,6:53,2021-05-18,14:21 XM,5728.37,6.9,10,DESPACHADO
MOV-01210,B-005,EVER-GLORY,R-04,MUELLE-D,MINERALES,ROTTERDAM,2021-05-06,13:21,2021-05-09,06:23 AM,6948.5,10.1,12,RECHAZADO
MOV-01211,B-037,msc alpha!!,R-06,muelle  b!!,TRIGO,SANTA FE,2024-12-04,2:13,2024-12-06,4:14,5323.28,,15,PENDIENTE
MOV-01212,B-008,YANG-MING,R-05,MUELLE-E,MINERALES,ROTTERDAM,2021-08-08,17:15,2021-08-10,____,7199.03,16.4,12,PENDIENTE
MOV-01213,B-040,ONE-PARANA,R-08,MUELLE-D,SOJA,MONTEVIDEO,2024-04-18,17:38,2024-04-19,09:32 AM,3573.08,10.9,15,EN_REVISION
MOV-01214,B-020,@#$%,R-05,MUELLE-C,MAIZ,SAO PAULO,2020-12-13,9:55,2020-12-14,23:10,5457.39,,12,DESPACHADO
MOV-01215,B-003,YANG-ESTE,R-04,MUELLE-D,MINERALES,MONTEVIDEO,2023-11-29,0:03,2023-11-30,88:54:00,,9.2,15,EN_REVISION
MOV-01216,B-025,PIL-SANTA,R-06,MUELLE-D,ACEITE,MONTEVIDEO,2022-10-26,22:58,2022-10-28,05:13 AM,4023.03,15.6,15,RECHAZADO
MOV-01217,B-027,MAERSK-PAMPAS,R-02,MUELLE-D,CONTENEDORES,VALPARAISO,2021-05-04,12:16,2021-05-06,8:33,3851.56,10.7,15,DESPACHADO
MOV-01218,B-005,PIL-OESTE,R-03,MUELLE-A,MAIZ,ROTTERDAM,2024-09-15,22:56,2024-09-18,2:13 AM,6431.74,6.8,15,RECHAZADO
MOV-01219,B-012,HAPAG-RIO,R-06,MUELLE-E,SOJA,ROTTERDAM,2020-10-01,15:18,03-10-2020,10:39 PM,5074.85,,10,EN_REVISION
MOV-01220,B-025,@#$%,R-07,MUELLE-B,MAIZ,SAO PAULO,2021-02-26,20:47,2021-02-28,3:33 AM,147434.29,13.4,12,DESPACHADO
MOV-01221,B-034,HAPAG-RIO,R-08,MUELLE-C,CONTENEDORES,SAO PAULO,2024-09-14,13:05,2024-09-15,5:58 PM,6342.69,15.5,12,EN_REVISION
MOV-01222,B-005,MAERSK-LIMA,R-02,MUELLE-F,MAIZ,BUENOS AIRES,2023-07-29,12:27,2023-07-31,6:18,3376.9,12.4,10,RECHAZADO
MOV-01223,B-039,PIL-SANTA,R-01,MUELLE-B,MINERALES,SHANGHAI,2024-02-29,3:42,2024-03-01,6:56,3969.48,15.8,15,PENDIENTE
MOV-01224,B-005,CMA-ROSARIO,R-07,MUELLE-C,MAIZ,VALPARAISO,2021-12-29,5:51,00/00/0000,____,5460.22,8.1,15,EN_REVISION
MOV-01225,B-011,CMA-ROSARIO,R-07,MUELLE-A,ACEITE,VALPARAISO,2021-09-16,17:54,2021-09-18,6:38,7311.81,7.2,15,
MOV-01226,B-003,PIL-OESTE,,MUELLE-F,ACEITE,SHANGHAI,2021-03-02,25:37:00,2021-03-04,17:41,4952.93,8.4,10,RECHAZADO
MOV-01227,B-029,CMA-ROSARIO,R-01,MUELLE-F,MAIZ,SANTA FE,29/01/2023,3:04,2023-01-30,22:31,6694.52,9.9,15,PENDIENTE
MOV-01228,B-030,MAERSK-LIMA,R-01,muelle  c!!,CONTENEDORES,SHANGHAI,21/04/2023,13:31,2023-04-24,06-59,5784.03,6.6,10,RECHAZADO
MOV-01229,B-004,,R-07,muelle  e!!,SOJA,SANTA FE,2023-04-22,5:27,2023-04-24,2:46,3362.58,19.4,10,
MOV-01230,B-038,EVER-GLORY,R-01,MUELLE-D,TRIGO,SHANGHAI,2021-04-19,20:19,2021-04-22,07:42 PM,2907.23,16.2,15,
MOV-01231,B-019,CMA-ROSARIO,R-05,MUELLE-F,MAIZ,SHANGHAI,2023-09-05,1:12,07-09-2023,02:29 AM,,16.7,15,DESPACHADO
MOV-01232,B-029,MAERSK-PAMPAS,R-08,MUELLE-D,CONTENEDORES,SANTA FE,2023-03-28,10:57,00/00/0000,22:16,,7.0,15,RECHAZADO
MOV-01233,B-037,ONE-PARANA,R-08,MUELLE-F,GRANOS,MONTEVIDEO,2024-12-02,0:30,2024-12-02,02:41 AM,5011.86,9.8,10,RECHAZADO
MOV-01234,B-036,zim norte!!,R-03,MUELLE-A,TRIGO,SANTA FE,2021-10-16,14:17,2021-10-16,07:50 PM,1648.22,10.4,12,PENDIENTE
MOV-01235,B-022,CMA-LITORAL,R-02,MUELLE-B,CONTENEDORES,VALPARAISO,2020-07-13,22:47,2020-07-15,04:32 PM,4081.36,12.3,12,RECHAZADO
MOV-01236,B-008,ONE-PLATA,R-06,MUELLE-A,SOJA,BUENOS AIRES,2024-05-31,7:34,2024-06-02,18:51,-2018.25,8.6,10,EN_REVISION
MOV-01237,B-004,HAPAG-RIO,R-08,MUELLE-C,CONTENEDORES,SANTA FE,2021-12-05,12:12,2021-12-06,5:54,5892.0,10.8,15,PENDIENTE
MOV-01238,B-013,ZIM-NORTE,R-01,MUELLE-F,TRIGO,MONTEVIDEO,2022-08-08,2:24,2022-08-08,07:37 PM,6965.98,11.9,10,EN_REVISION
MOV-01239,B-036,EVERGREEN-02,R-05,MUELLE-D,MINERALES,MONTEVIDEO,2020-09-08,19:09,2020-09-09,0:47,143903.71,11.4,10,RECHAZADO
MOV-01240,B-033,EVERGREEN-02,R-05,MUELLE-C,ACEITE,VALPARAISO,2023-01-08,AB:CD,2023-01-10,10:43 AM,5914.75,8.6,12,DESPACHADO
MOV-01241,B-025,EVERGREEN-02,R-08,MUELLE-A,CONTENEDORES,ROTTERDAM,2024-06-13,11:03,2024-06-16,6:24,5567.45,,15,PENDIENTE
MOV-01242,B-034,YANG-ESTE,R-05,MUELLE-D,MINERALES,SAO PAULO,2020-02-03,17:18,2020-02-05,null,5304.84,14.9,10,RECHAZADO
MOV-01243,B-028,ZIM-DELTA,R-05,MUELLE-F,TRIGO,SANTA FE,2020-07-19,12:26,2020-07-20,13:29,5398.75,11.6,15,PENDIENTE
MOV-01244,B-007,MSC-GENOVA,R-05,MUELLE-E,CONTENEDORES,BUENOS AIRES,2024-03-10,AB:CD,10-03-2024,20:22,2474.46,17.7,12,DESPACHADO
MOV-01245,B-005,MSC-GENOVA,,MUELLE-D,MINERALES,VALPARAISO,2024-10-03,4:58,2024-10-03,10:42 AM,7432.37,11.5,10,EN_REVISION
MOV-01246,B-034,EVERGREEN-02,R-01,MUELLE-B,TRIGO,SANTA FE,2022-06-07,14:06,2022-06-09,16:01,3715.55,8.2,12,EN_REVISION
MOV-01247,B-012,HAPAG-RIO,R-01,MUELLE-B,SOJA,SHANGHAI,2021-12-26,4:07,2021-12-28,0:24,6524.13,13.2,15,PENDIENTE
MOV-01248,B-016,EVER-GLORY,R-04,MUELLE-F,MAIZ,SHANGHAI,2023-05-14,12:52,2023-05-15,07:42 PM,4962.79,10.2,12,DESPACHADO
MOV-01249,B-023,ONE-PLATA,R-01,MUELLE-B,TRIGO,SANTA FE,2023-02-13,25:48:00,2023-02-15,8:13,3586.96,7.7,12,RECHAZADO
MOV-01250,B-007,EVER-GLORY,R-01,MUELLE-D,HARINA,VALPARAISO,2020-08-07,22:04,00/00/0000,23:16,3192.67,12.8,15,EN_REVISION
MOV-01251,B-025,COSCO-TIGRE,R-07,MUELLE-A,MINERALES,MONTEVIDEO,2024-10-09,15:16,2024-10-10,23:20,3475.79,15.0,12,PENDIENTE
MOV-01252,B-002,CMA-ROSARIO,R-07,MUELLE-E,ACEITE,HAMBURG,2022-05-07,17:18,2022-05-08,9:04,3714.01,15.3,12,RECHAZADO
MOV-01253,B-015,MSC-GENOVA,R-04,MUELLE-E,ACEITE,SAO PAULO,2020-03-26,16:41,2020-03-29,1:54 PM,6222.65,15.5,12,EN_REVISION
MOV-01254,B-029,CMA-LITORAL,R-01,muelle  c!!,GRANOS,ROTTERDAM,2024-08-12,12:55,2024-08-14,23:40,3405.63,11.1,12,RECHAZADO
MOV-01255,B-002,YANG-MING,R-02,MUELLE-F,MINERALES,SHANGHAI,2020-03-05,15:54,2020-03-06,5:53,4314.82,10.3,10,RECHAZADO
MOV-01256,B-017,ZIM-NORTE,R-06,MUELLE-D,CONTENEDORES,HAMBURG,2023-11-22,5:35,2023-11-22,12:09 PM,6102.63,10.9,12,DESPACHADO
MOV-01257,B-019,,R-06,MUELLE-F,ACEITE,SHANGHAI,2024-06-15,8:13,2024-06-17,06:43 PM,4159.57,12.5,15,PENDIENTE
MOV-01258,B-018,EVER-GLORY,R-08,MUELLE-C,CONTENEDORES,SANTA FE,2020-04-14,23:27,2020-04-16,04:57 AM,5173.12,17.9,10,PENDIENTE
MOV-01259,B-032,PIL-OESTE,R-03,MUELLE-C,SOJA,HAMBURG,2021-07-18,14:46,2021-07-20,07:31 AM,5469.75,9.2,12,PENDIENTE
MOV-01260,B-028,HAPAG-SUR,R-08,MUELLE-A,ACEITE,SAO PAULO,2021-08-15,7:44,2021-08-15,16:38,6703.99,12.1,12,RECHAZADO
MOV-01261,B-037,CMA-LITORAL,R-02,MUELLE-D,CONTENEDORES,SAO PAULO,2020-12-31,22:29,01-01-2021,sin dato,7435.32,12.4,12,EN_REVISION
MOV-01262,B-005,COSCO-TIGRE,R-04,muelle  e!!,SOJA,SHANGHAI,2020-09-15,10:26,2020-09-15,18:56,5957.28,,12,EN_REVISION
MOV-01263,B-017,MSC-GENOVA,R-08,MUELLE-B,SOJA,MONTEVIDEO,2022-06-03,12:28,2022-06-05,03:02 AM,5477.84,7.7,15,PENDIENTE
MOV-01264,B-005,CMA-LITORAL,R-01,MUELLE-C,SOJA,SAO PAULO,2020-08-25,7:24,2020-08-27,4:43,-1398.14,,10,DESPACHADO
MOV-01265,B-003,@#$%,R-07,MUELLE-E,MINERALES,VALPARAISO,2023-10-11,18:37,2023-10-14,3:44,6724.99,14.8,12,EN_REVISION
MOV-01266,B-024,COSCO-STAR,R-04,MUELLE-D,HARINA,SHANGHAI,2024-07-01,6:17,2024-07-02,23:47,8049.93,15.4,12,PENDIENTE
MOV-01267,B-022,ZIM-DELTA,R-03,MUELLE-B,MAIZ,VALPARAISO,2020-01-05,3:17,2020-01-08,7:43,6748.66,13.1,10,RECHAZADO
MOV-01268,B-008,CMA-ROSARIO,R-07,muelle  e!!,SOJA,HAMBURG,2021-10-24,AB:CD,2021-10-24,22:25,5202.71,12.0,10,PENDIENTE
MOV-01269,B-022,ONE-PLATA,R-07,MUELLE-E,GRANOS,MONTEVIDEO,2022-04-21,22:26,2022-04-23,08:27 AM,5834.73,0.2,10,DESPACHADO
MOV-01270,B-011,EVER-GLORY,,MUELLE-C,HARINA,SHANGHAI,2020-10-31,0:15,2020-11-01,10:58,5683.06,9.6,15,DESPACHADO
MOV-01271,B-004,YANG-MING,R-04,MUELLE-E,CONTENEDORES,VALPARAISO,2022-02-28,26:17:00,2022-03-02,6:23,4104.72,13.7,15,DESPACHADO
MOV-01272,B-024,HAPAG-SUR,R-05,MUELLE-C,CONTENEDORES,BUENOS AIRES,2023-03-26,7:19,2023-03-26,21:52,4101.66,6.5,10,DESPACHADO
MOV-01273,B-039,MAERSK-PAMPAS,R-03,MUELLE-D,CONTENEDORES,MONTEVIDEO,2024-07-09,5:30,2024-07-11,01:24 PM,,15.7,10,PENDIENTE
MOV-01274,B-033,MSC-GENOVA,R-02,MUELLE-D,MINERALES,BUENOS AIRES,2024-11-11,0:08,2024-11-13,10:59 AM,3642.69,13.9,12,DESPACHADO
MOV-01275,B-028,CMA-LITORAL,R-01,MUELLE-D,CONTENEDORES,HAMBURG,2024-03-18,1:45,2024-03-18,9:48 AM,3300.09,12.8,10,EN_REVISION
MOV-01276,B-019,CMA-ROSARIO,R-03,MUELLE-C,TRIGO,SAO PAULO,2022-09-03,14:49,2022-09-04,06:52 AM,5418.76,13.2,12,PENDIENTE
MOV-01277,B-038,COSCO-TIGRE,R-08,MUELLE-E,HARINA,MONTEVIDEO,2022-08-04,10:57,2022-08-05,5:31 AM,5109.09,6.7,12,DESPACHADO
MOV-01278,B-027,COSCO-STAR,R-07,MUELLE-F,MINERALES,VALPARAISO,2022-12-11,21:50,2022-12-12,10:35,4968.34,8.7,12,RECHAZADO
MOV-01279,B-022,CMA-LITORAL,R-03,MUELLE-B,ACEITE,SANTA FE,2022-09-25,18:27,2022-09-26,01:56 PM,4020.98,9.7,12,DESPACHADO
MOV-01280,B-003,,R-02,MUELLE-A,GRANOS,BUENOS AIRES,2022-05-02,19:03,2022-05-05,11:36 PM,5967.88,17.0,15,EN_REVISION
MOV-01281,B-023,ONE-PLATA,R-08,MUELLE-B,HARINA,MONTEVIDEO,2021-08-23,23:44,2021-08-26,18:20,3214.15,12.5,15,PENDIENTE
MOV-01282,B-021,ZIM-DELTA,R-07,MUELLE-D,ACEITE,HAMBURG,2024-05-30,30:41:00,2024-06-01,04:24 AM,4170.24,12.0,15,RECHAZADO
MOV-01283,B-037,YANG-ESTE,R-01,MUELLE-D,HARINA,ROTTERDAM,2024-04-11,15:53,2024-04-13,19:29,7540.36,6.6,15,RECHAZADO
MOV-01284,B-037,EVERGREEN-02,R-03,MUELLE-C,ACEITE,HAMBURG,2022-08-29,17:48,2022-08-30,0:29,3947.99,12.2,10,RECHAZADO
MOV-01285,B-014,COSCO-TIGRE,R-04,MUELLE-A,CONTENEDORES,MONTEVIDEO,2021-04-01,18:55,2021-04-02,45:36:00,4067.31,16.0,12,RECHAZADO
MOV-01286,B-030,EVER-GLORY,R-05,MUELLE-E,SOJA,BUENOS AIRES,2024-11-24,22:46,2024-11-27,____,4934.73,9.2,10,PENDIENTE
MOV-01287,B-038,EVER-GLORY,R-08,MUELLE-A,MAIZ,ROTTERDAM,2024-08-10,15:00,2024-08-11,10:22 AM,4143.27,16.2,10,DESPACHADO
MOV-01288,B-006,CMA-ROSARIO,R-02,MUELLE-E,HARINA,MONTEVIDEO,2024-03-21,2:30,2024-03-23,24:00:00,6478.92,13.5,12,EN_REVISION
MOV-01289,B-012,YANG-ESTE,R-04,MUELLE-B,ACEITE,MONTEVIDEO,2024-01-27,6:22,2024-01-29,13:54,3611.93,,12,RECHAZADO
MOV-01290,B-004,ONE-PLATA,R-01,MUELLE-E,MINERALES,SHANGHAI,2024-03-16,30:35:00,00/00/0000,09:40 PM,4861.21,6.5,12,RECHAZADO
MOV-01291,B-028,COSCO-TIGRE,R-04,MUELLE-D,HARINA,ROTTERDAM,2024-07-31,14:28,2024-08-02,11:11,5041.17,14.1,12,EN_REVISION
MOV-01292,B-032,ZIM-DELTA,R-05,MUELLE-C,GRANOS,SHANGHAI,2023-07-21,0:16,2023-07-23,21:28,5743.41,13.6,12,PENDIENTE
MOV-01293,B-039,ZIM-NORTE,R-02,MUELLE-D,HARINA,HAMBURG,2022-06-22,20:33,2022-06-25,9:23,4124.27,13.8,15,PENDIENTE
MOV-01294,B-028,ZIM-DELTA,R-06,MUELLE-B,ACEITE,HAMBURG,2022-06-17,20:10,2022-06-18,14:50,3634.65,12.5,10,EN_REVISION
MOV-01295,B-009,HAPAG-RIO,R-01,MUELLE-F,GRANOS,SANTA FE,2024-02-23,3:28,2024-02-24,N/A,4107.84,10.6,12,EN_REVISION
MOV-01296,B-004,MAERSK-PAMPAS,R-06,MUELLE-B,TRIGO,SHANGHAI,2021-10-04,18:42,2021-10-05,10:42 PM,5822.53,10.0,12,PENDIENTE
MOV-01297,B-030,@#$%,R-04,MUELLE-A,MINERALES,HAMBURG,2021-05-21,13:54,2021-05-23,8:34 PM,3081.5,,15,PENDIENTE
MOV-01298,B-040,MSC-GENOVA,R-02,MUELLE-A,MINERALES,SAO PAULO,2020-10-29,14:33,30-10-2020,17:11,4749.33,10.4,12,PENDIENTE
MOV-01299,B-021,ZIM-NORTE,R-02,muelle  f!!,MINERALES,SANTA FE,2024-04-15,6:44,2024-04-15,10:50,6071.53,,12,EN_REVISION
MOV-01300,B-009,ZIM-NORTE,R-02,MUELLE-C,CONTENEDORES,SAO PAULO,2022-09-17,16:59,2022-09-19,6:23,5441.13,186.4,10,RECHAZADO
MOV-01301,B-003,MAERSK-PAMPAS,R-05,MUELLE-F,TRIGO,ROTTERDAM,2022-03-19,13:21,2022-03-21,15:35,4367.89,193.2,15,DESPACHADO
MOV-01302,B-001,yang ming!!,R-01,MUELLE-B,ACEITE,BUENOS AIRES,2022-12-18,14:09,2022-12-19,09:37 PM,3167.24,7.2,12,DESPACHADO
MOV-01303,B-008,COSCO-TIGRE,R-07,MUELLE-A,SOJA,ROTTERDAM,32/13/2021,13:05,2022-02-23,1:25,6461.45,14.2,15,DESPACHADO
MOV-01304,B-003,COSCO-TIGRE,R-05,MUELLE-E,HARINA,SAO PAULO,2024-10-11,20:52,2024-10-14,3:26 PM,3975.18,,15,EN_REVISION
MOV-01305,B-019,HAPAG-RIO,R-05,MUELLE-C,CONTENEDORES,ROTTERDAM,2024-02-03,1:16,00/00/0000,14:39,4847.31,11.3,10,PENDIENTE
MOV-01306,B-004,PIL-OESTE,R-08,MUELLE-B,SOJA,HAMBURG,2024-12-22,12:26,2024-12-25,19:36,6352.31,11.0,10,DESPACHADO
MOV-01307,B-010,EVERGREEN-02,R-04,MUELLE-D,SOJA,MONTEVIDEO,2020-12-18,5:50,2020-12-20,11:55 AM,3843.41,14.0,12,RECHAZADO
MOV-01308,B-028,EVER-GLORY,R-05,MUELLE-B,CONTENEDORES,BUENOS AIRES,2020-06-28,13:21,2020-06-28,02:19 AM,6039.22,7.6,12,EN_REVISION
MOV-01309,B-008,,R-08,MUELLE-E,GRANOS,VALPARAISO,2021-01-22,17:51,2021-01-23,11:31 PM,5306.01,10.6,15,RECHAZADO
MOV-01310,B-008,ONE-PARANA,R-06,MUELLE-B,HARINA,MONTEVIDEO,2021-02-08,4:52,2021-02-10,sin dato,4284.81,14.4,15,EN_REVISION
MOV-01311,B-035,ONE-PLATA,R-01,MUELLE-E,HARINA,MONTEVIDEO,12/03/2022,6:13,2022-03-14,19:57,3745.66,13.3,10,DESPACHADO
MOV-01312,B-028,YANG-ESTE,R-06,MUELLE-E,SOJA,VALPARAISO,2022-07-26,9:37,2022-07-27,3:46,3731.04,11.2,15,
MOV-01313,B-022,ZIM-DELTA,R-07,MUELLE-F,CONTENEDORES,HAMBURG,2022-03-23,3:57,2022-03-24,0:46,5025.36,11.2,10,PENDIENTE
MOV-01314,B-035,MSC-GENOVA,R-03,MUELLE-B,CONTENEDORES,MONTEVIDEO,2022-10-22,16:53,2022-10-24,2:27,6649.09,7.5,10,
MOV-01315,B-027,HAPAG-RIO,R-04,MUELLE-F,CONTENEDORES,SHANGHAI,2022-04-20,20:11,2022-04-21,17:33,4917.67,12.8,10,DESPACHADO
MOV-01316,B-027,CMA-ROSARIO,R-02,MUELLE-A,HARINA,SANTA FE,2024-12-27,18:31,2024-12-28,10:03 PM,4391.72,15.1,15,DESPACHADO
MOV-01317,B-011,MAERSK-LIMA,R-05,MUELLE-A,MINERALES,SAO PAULO,2022-07-17,2:59,00/00/0000,12:59 PM,5397.9,11.9,15,RECHAZADO
MOV-01318,B-033,MSC-ALPHA,R-08,MUELLE-E,MAIZ,BUENOS AIRES,2024-12-27,10:11,2024-12-28,4:06,5424.68,13.9,10,PENDIENTE
MOV-01319,B-016,,R-07,MUELLE-C,ACEITE,VALPARAISO,2024-08-29,18:11,2024-08-31,11:25 AM,4604.45,11.7,15,RECHAZADO
MOV-01320,B-030,EVER-GLORY,R-01,MUELLE-F,TRIGO,BUENOS AIRES,2024-06-13,7:49,15-06-2024,89:57:00,5131.85,,10,RECHAZADO
MOV-01321,B-014,MSC-ALPHA,R-03,MUELLE-A,CONTENEDORES,MONTEVIDEO,2023-03-07,6:04,2023-03-09,1:53,5430.5,9.3,15,PENDIENTE
MOV-01322,B-017,EVER-GLORY,R-06,MUELLE-A,ACEITE,SANTA FE,2024-09-19,10:26,2024-09-21,2:15,3459.28,9.3,10,DESPACHADO
MOV-01323,B-025,HAPAG-SUR,R-02,MUELLE-A,CONTENEDORES,ROTTERDAM,2023-04-05,5:12,2023-04-07,22:42,4988.14,11.4,12,EN_REVISION
MOV-01324,B-026,MAERSK-LIMA,R-06,MUELLE-E,MINERALES,BUENOS AIRES,2020-07-21,15:06,2020-07-23,____,5611.39,8.5,10,RECHAZADO
MOV-01325,B-017,COSCO-STAR,R-01,MUELLE-F,CONTENEDORES,ROTTERDAM,32/13/2021,17:22,2020-04-22,1:35,3935.12,18.7,15,EN_REVISION
MOV-01326,B-006,ONE-PLATA,R-02,MUELLE-D,MAIZ,SANTA FE,02/01/2022,13:16,2022-01-02,3:38,6319.53,11.3,12,PENDIENTE
MOV-01327,B-018,ONE-PARANA,R-05,MUELLE-F,MAIZ,VALPARAISO,2021-10-11,9:42,2021-10-13,8:41,5473.1,10.0,12,DESPACHADO
MOV-01328,B-039,EVERGREEN-02,R-02,MUELLE-F,ACEITE,MONTEVIDEO,2021-10-14,4:04,2021-10-16,21:56,4666.58,16.5,12,PENDIENTE
MOV-01329,B-007,ZIM-DELTA,R-05,MUELLE-F,CONTENEDORES,SAO PAULO,2023-01-17,19:54,2023-01-18,16:17,-4478.26,11.5,12,DESPACHADO
MOV-01330,B-016,ZIM-DELTA,R-05,MUELLE-F,TRIGO,SHANGHAI,2020-03-11,3:42,2020-03-13,02:56 PM,5017.69,,12,RECHAZADO
MOV-01331,B-026,ZIM-NORTE,R-08,MUELLE-C,GRANOS,SHANGHAI,2021-12-26,1:38,2021-12-28,11:52,4017.97,10.9,15,PENDIENTE
MOV-01332,B-018,EVER-GLORY,R-07,MUELLE-B,MINERALES,SANTA FE,2024-04-09,3:09,2024-04-09,01:27 PM,,15.3,10,DESPACHADO
MOV-01333,B-028,MAERSK-LIMA,R-07,MUELLE-B,MINERALES,BUENOS AIRES,2022-10-14,20:45,2022-10-17,14:20,-3762.11,13.3,10,EN_REVISION
MOV-01334,B-005,YANG-ESTE,R-05,MUELLE-B,ACEITE,SANTA FE,2021-04-08,20:51,2021-04-09,07:20 AM,5648.53,12.0,12,EN_REVISION
MOV-01335,B-007,MAERSK-PAMPAS,R-02,MUELLE-B,MAIZ,BUENOS AIRES,32/13/2021,7:41,2020-05-31,13:53,4761.06,13.3,15,PENDIENTE
MOV-01336,B-012,ZIM-DELTA,R-03,MUELLE-A,MINERALES,SAO PAULO,2020-05-01,23:36,2020-05-03,20:21,6799.9,8.1,12,EN_REVISION
MOV-01337,B-004,ONE-PLATA,R-01,MUELLE-E,TRIGO,HAMBURG,2022-07-08,17:19,2022-07-10,10:21 AM,3831.95,15.0,10,DESPACHADO
MOV-01338,B-011,YANG-MING,R-06,MUELLE-C,HARINA,SANTA FE,2020-02-01,10:58,2020-02-02,10:33,6537.79,7.1,10,RECHAZADO
MOV-01339,B-009,@#$%,R-05,MUELLE-D,MINERALES,MONTEVIDEO,2022-08-09,2:23,2022-08-11,5:31,3049.86,11.5,10,EN_REVISION
MOV-01340,B-005,MAERSK-PAMPAS,R-02,MUELLE-A,ACEITE,SHANGHAI,2024-01-27,AB:CD,2024-01-28,11:58 AM,5887.88,12.4,10,PENDIENTE
MOV-01341,B-034,CMA-ROSARIO,R-01,MUELLE-D,MAIZ,BUENOS AIRES,2021-09-03,4:19,2021-09-05,19:54,5391.97,14.2,15,RECHAZADO
MOV-01342,B-009,MSC-GENOVA,R-08,MUELLE-B,GRANOS,SHANGHAI,16/02/2020,7:20,2020-02-18,6:38 PM,3316.04,10.7,15,RECHAZADO
MOV-01343,B-035,COSCO-STAR,R-08,MUELLE-C,HARINA,MONTEVIDEO,2022-01-10,2:57,2022-01-12,05:50 PM,5915.05,,15,DESPACHADO
MOV-01344,B-006,YANG-MING,R-01,MUELLE-C,GRANOS,ROTTERDAM,2024-05-23,8:27,00/00/0000,4:04,5461.1,12.1,12,RECHAZADO
MOV-01345,B-027,MSC-GENOVA,R-05,MUELLE-E,MAIZ,VALPARAISO,03/05/2020,2:12,2020-05-06,7:39,4067.68,13.2,12,RECHAZADO
MOV-01346,B-020,ZIM-DELTA,R-02,MUELLE-C,GRANOS,HAMBURG,2022-06-05,21:17,2022-06-08,06:03 AM,5149.66,9.7,15,DESPACHADO
MOV-01347,B-024,YANG-MING,R-07,MUELLE-A,CONTENEDORES,VALPARAISO,2022-01-18,20:32,2022-01-19,5:04,4717.47,16.0,12,EN_REVISION
MOV-01348,B-011,PIL-OESTE,,MUELLE-F,ACEITE,BUENOS AIRES,2023-03-24,9:01,2023-03-24,21:48,5872.67,10.7,15,EN_REVISION
MOV-01349,B-031,COSCO-TIGRE,R-08,MUELLE-D,HARINA,HAMBURG,2021-07-15,4:22,2021-07-15,11:53 PM,4650.64,12.3,10,PENDIENTE
MOV-01350,B-025,PIL-SANTA,R-03,MUELLE-C,TRIGO,BUENOS AIRES,2022-12-23,11:26,2022-12-26,22:43,3549.72,13.6,10,RECHAZADO
MOV-01351,B-008,PIL-SANTA,R-01,MUELLE-C,MINERALES,HAMBURG,2020-02-07,22:05,2020-02-10,10:25,5757.79,14.1,15,DESPACHADO
MOV-01352,B-023,MSC-ALPHA,R-06,MUELLE-F,MINERALES,ROTTERDAM,10/07/2021,AB:CD,2021-07-12,09:28 AM,5552.86,17.5,15,RECHAZADO
MOV-01353,B-004,ZIM-NORTE,R-05,MUELLE-B,CONTENEDORES,ROTTERDAM,2023-01-11,0:50,2023-01-12,20:48,5261.3,18.8,15,DESPACHADO
MOV-01354,B-032,CMA-LITORAL,R-05,muelle  b!!,HARINA,HAMBURG,2023-04-15,3:24,2023-04-16,N/A,4133.17,13.2,10,DESPACHADO
MOV-01355,B-003,MSC-GENOVA,R-02,MUELLE-B,TRIGO,VALPARAISO,2021-09-05,7:11,2021-09-07,1:33,6833.61,17.6,12,DESPACHADO
MOV-01356,B-016,COSCO-STAR,R-02,MUELLE-E,MAIZ,HAMBURG,15/12/2021,3:05,2021-12-16,20:56,4779.89,18.6,15,DESPACHADO
MOV-01357,B-014,HAPAG-SUR,R-06,MUELLE-F,HARINA,MONTEVIDEO,2021-05-09,9:40,2021-05-11,07:28 PM,3980.12,14.3,12,EN_REVISION
MOV-01358,B-040,YANG-ESTE,R-03,MUELLE-C,HARINA,SAO PAULO,2022-08-02,22:31,2022-08-04,08:08 PM,6847.15,17.8,15,
MOV-01359,B-025,HAPAG-RIO,R-07,MUELLE-E,CONTENEDORES,SHANGHAI,2021-10-10,25:45:00,11-10-2021,5:43,5496.12,9.9,15,PENDIENTE
MOV-01360,B-024,CMA-LITORAL,R-02,MUELLE-C,CONTENEDORES,SAO PAULO,32/13/2021,6:57,2022-01-27,10:19,4798.75,13.1,10,EN_REVISION
MOV-01361,B-006,CMA-LITORAL,R-06,MUELLE-D,GRANOS,HAMBURG,2023-12-05,14:13,2023-12-08,4:03,7876.07,12.3,15,PENDIENTE
MOV-01362,B-017,MSC-GENOVA,R-01,MUELLE-D,SOJA,SAO PAULO,2022-05-23,12:03,2022-05-24,9:36,3821.98,,15,RECHAZADO
MOV-01363,B-016,COSCO-STAR,R-02,MUELLE-E,ACEITE,ROTTERDAM,2023-05-14,6:51,2023-05-15,11:40 AM,,10.5,12,DESPACHADO
MOV-01364,B-004,COSCO-TIGRE,,muelle  f!!,CONTENEDORES,BUENOS AIRES,2024-02-21,16:10,2024-02-24,____,4515.73,14.0,10,RECHAZADO
MOV-01365,B-036,COSCO-TIGRE,R-06,MUELLE-A,HARINA,VALPARAISO,2024-03-09,4:39,2024-03-10,03:5 PM,5849.2,13.4,12,EN_REVISION
MOV-01366,B-029,EVER-GLORY,R-05,MUELLE-B,HARINA,BUENOS AIRES,2021-08-26,28:34:00,2021-08-26,16:15,4729.09,7.6,10,RECHAZADO
MOV-01367,B-004,MSC-ALPHA,R-05,MUELLE-A,MINERALES,BUENOS AIRES,2020-01-29,28:58:00,2020-01-31,10:43 AM,7081.44,13.3,12,EN_REVISION
MOV-01368,B-032,CMA-ROSARIO,R-02,MUELLE-E,MAIZ,MONTEVIDEO,2021-02-24,0:40,2021-02-24,03:36 AM,4267.79,17.7,12,PENDIENTE
MOV-01369,B-038,PIL-SANTA,R-05,muelle  f!!,MINERALES,ROTTERDAM,2021-12-01,12:51,00/00/0000,04:40 PM,6507.48,14.4,10,DESPACHADO
MOV-01370,B-024,MSC-ALPHA,R-06,MUELLE-E,SOJA,SHANGHAI,2022-06-11,22:26,2022-06-12,13:18,3005.47,16.1,10,DESPACHADO
MOV-01371,B-012,MSC-ALPHA,R-05,MUELLE-C,GRANOS,SANTA FE,2023-02-19,14:52,2023-02-20,3:14,,11.6,12,RECHAZADO
MOV-01372,B-016,pil oeste!!,R-04,MUELLE-A,GRANOS,VALPARAISO,09/09/2024,20:45,2024-09-12,07:8,6726.42,,12,RECHAZADO
MOV-01373,B-021,ZIM-NORTE,R-04,MUELLE-A,HARINA,HAMBURG,2020-02-18,5:54,00/00/0000,04:24 PM,6226.05,15.1,15,DESPACHADO
MOV-01374,B-001,ZIM-NORTE,R-05,MUELLE-B,MINERALES,VALPARAISO,2021-10-28,0:28,29-10-2021,09:07 AM,3937.2,14.4,15,DESPACHADO
MOV-01375,B-023,MSC-GENOVA,R-06,MUELLE-A,TRIGO,BUENOS AIRES,08/07/2020,9:06,2020-07-09,5:05,5227.7,12.4,15,EN_REVISION
MOV-01376,B-010,COSCO-TIGRE,R-05,MUELLE-D,TRIGO,HAMBURG,2022-01-27,5:54,2022-01-28,null,7713.55,13.8,15,PENDIENTE
MOV-01377,B-037,ZIM-DELTA,R-07,MUELLE-D,HARINA,SAO PAULO,2023-10-20,22:12,2023-10-21,3:37,4074.92,19.5,12,RECHAZADO
MOV-01378,B-007,,,MUELLE-E,MINERALES,ROTTERDAM,2020-09-20,6:00,2020-09-21,18:44,5114.43,16.5,10,PENDIENTE
MOV-01379,B-016,zim norte!!,R-07,MUELLE-D,CONTENEDORES,VALPARAISO,2022-03-07,1:47,2022-03-08,5:36 PM,6367.57,12.9,10,RECHAZADO
MOV-01380,B-003,PIL-OESTE,R-08,MUELLE-A,SOJA,MONTEVIDEO,2022-08-13,11:06,2022-08-16,1:24 PM,4623.92,12.2,15,EN_REVISION
MOV-01381,B-025,MSC-GENOVA,,MUELLE-D,CONTENEDORES,BUENOS AIRES,2024-11-07,5:23,2024-11-08,06:28 AM,4629.22,12.1,15,PENDIENTE
MOV-01382,B-034,ONE-PARANA,R-05,MUELLE-E,GRANOS,SHANGHAI,2023-02-02,18:02,2023-02-04,11:31 AM,4931.29,15.7,12,EN_REVISION
MOV-01383,B-027,YANG-MING,R-01,MUELLE-C,MINERALES,VALPARAISO,2023-02-12,0:53,2023-02-13,07:47 AM,4060.93,199.2,15,PENDIENTE
MOV-01384,B-016,CMA-LITORAL,R-04,MUELLE-F,SOJA,VALPARAISO,2023-10-01,10:24,2023-10-02,N/A,5596.61,11.7,12,PENDIENTE
MOV-01385,B-029,ONE-PLATA,R-05,MUELLE-F,CONTENEDORES,VALPARAISO,2021-08-25,13:24,2021-08-26,16:25,5094.53,9.3,12,DESPACHADO
MOV-01386,B-030,HAPAG-RIO,R-03,MUELLE-F,CONTENEDORES,HAMBURG,2021-10-05,8:06,2021-10-06,12:40 AM,6711.15,13.2,10,EN_REVISION
MOV-01387,B-033,MAERSK-PAMPAS,R-03,MUELLE-E,CONTENEDORES,ROTTERDAM,2022-10-15,8:41,2022-10-15,3:28,-3045.94,13.1,12,DESPACHADO
MOV-01388,B-003,PIL-OESTE,R-07,MUELLE-A,HARINA,SANTA FE,2022-03-14,11:53,2022-03-16,24:00:00,6617.19,12.2,12,DESPACHADO
MOV-01389,B-021,HAPAG-RIO,,MUELLE-C,MINERALES,SAO PAULO,2020-08-11,13:25,2020-08-13,6:36,1975.23,12.0,10,DESPACHADO
MOV-01390,B-002,MAERSK-PAMPAS,R-05,MUELLE-B,MAIZ,HAMBURG,2024-08-31,18:41,2024-09-02,24:00:00,5775.58,10.7,12,RECHAZADO
MOV-01391,B-023,ONE-PARANA,R-08,MUELLE-C,ACEITE,HAMBURG,2021-06-17,23:04,2021-06-19,08:01 PM,,10.1,10,EN_REVISION
MOV-01392,B-032,CMA-LITORAL,R-05,MUELLE-C,HARINA,SAO PAULO,2023-12-09,9:22,2023-12-11,12:16,5524.92,3.9,15,PENDIENTE
MOV-01393,B-033,ONE-PARANA,R-05,MUELLE-A,GRANOS,ROTTERDAM,2020-02-14,1:38,2020-02-16,6:31 PM,3522.63,8.2,10,RECHAZADO
MOV-01394,B-012,YANG-MING,,MUELLE-A,ACEITE,SHANGHAI,2024-04-19,16:47,2024-04-21,12:36,3568.57,10.5,12,RECHAZADO
MOV-01395,B-016,PIL-OESTE,R-06,MUELLE-E,HARINA,SAO PAULO,2021-07-05,10:39,2021-07-05,0:19,6364.49,10.5,15,EN_REVISION
MOV-01396,B-038,ONE-PARANA,R-08,MUELLE-F,MINERALES,SANTA FE,2020-02-21,19:23,2020-02-22,08:56 PM,7205.0,14.1,12,RECHAZADO
MOV-01397,B-032,EVER-GLORY,R-08,MUELLE-E,TRIGO,HAMBURG,2023-08-27,6:39,2023-08-29,11:39,3929.04,12.1,15,RECHAZADO
MOV-01398,B-010,YANG-ESTE,R-01,MUELLE-A,CONTENEDORES,SHANGHAI,2020-12-05,15:59,2020-12-07,19:12,4228.3,16.4,12,DESPACHADO
MOV-01399,B-022,COSCO-TIGRE,R-02,MUELLE-E,CONTENEDORES,BUENOS AIRES,2020-08-18,0:51,2020-08-18,03-37,,14.9,10,RECHAZADO
MOV-01400,B-004,MAERSK-PAMPAS,R-04,MUELLE-A,GRANOS,SHANGHAI,2023-05-09,6:10,2023-05-11,4:48,6727.77,8.3,12,PENDIENTE
MOV-01401,B-017,,R-08,MUELLE-B,GRANOS,HAMBURG,2021-09-27,20:19,2021-09-29,11:22,4259.24,12.7,10,EN_REVISION
MOV-01402,B-010,HAPAG-SUR,R-08,MUELLE-F,SOJA,SHANGHAI,2022-04-27,16:21,2022-04-27,____,5524.3,10.3,15,RECHAZADO
MOV-01403,B-024,MAERSK-PAMPAS,R-07,MUELLE-A,CONTENEDORES,ROTTERDAM,2024-01-14,10:03,00/00/0000,21-14,4166.01,7.1,10,RECHAZADO
MOV-01404,B-038,HAPAG-SUR,R-08,muelle  c!!,SOJA,SANTA FE,2020-02-13,23:09,2020-02-15,03:41 PM,6452.97,12.1,15,EN_REVISION
MOV-01405,B-001,MSC-ALPHA,R-04,MUELLE-C,MAIZ,SANTA FE,2020-11-01,18:12,2020-11-02,06:14 AM,4884.22,10.9,12,RECHAZADO
MOV-01406,B-037,HAPAG-SUR,R-08,MUELLE-E,CONTENEDORES,SAO PAULO,2022-06-26,1:36,2022-06-28,03:58 PM,2238.59,7.3,12,DESPACHADO
MOV-01407,B-010,PIL-SANTA,R-04,MUELLE-D,ACEITE,ROTTERDAM,2022-07-04,8:58,07-07-2022,N/A,,11.2,10,RECHAZADO
MOV-01408,B-025,CMA-LITORAL,R-03,MUELLE-F,SOJA,BUENOS AIRES,2020-05-15,8:01,2020-05-18,7:22,3495.68,15.4,15,EN_REVISION
MOV-01409,B-014,maersk lima!!,R-06,MUELLE-E,CONTENEDORES,SAO PAULO,2020-08-29,20:53,2020-08-30,8:58 AM,5505.5,11.9,10,RECHAZADO
MOV-01410,B-022,MAERSK-LIMA,R-04,MUELLE-E,HARINA,MONTEVIDEO,2023-07-05,2:39,2023-07-06,1:59,2670.23,9.7,15,RECHAZADO
MOV-01411,B-025,MAERSK-LIMA,,MUELLE-D,MINERALES,MONTEVIDEO,2020-04-12,AB:CD,2020-04-14,6:8,5038.98,12.2,12,EN_REVISION
MOV-01412,B-005,ONE-PLATA,R-07,MUELLE-A,MINERALES,SHANGHAI,2023-06-04,9:40,2023-06-07,9:12,5301.28,13.6,12,RECHAZADO
MOV-01413,B-009,CMA-ROSARIO,R-08,MUELLE-D,MINERALES,SANTA FE,2022-05-15,16:11,2022-05-17,06:31 PM,62071.5,9.3,10,EN_REVISION
MOV-01414,B-007,ONE-PARANA,R-06,MUELLE-C,TRIGO,MONTEVIDEO,2023-06-02,15:15,2023-06-03,09:02 AM,4802.47,12.1,10,PENDIENTE
MOV-01415,B-001,HAPAG-SUR,R-04,MUELLE-B,ACEITE,SANTA FE,2021-10-29,10:46,2021-11-01,5:41 AM,4184.85,13.1,15,
MOV-01416,B-028,@#$%,R-06,MUELLE-E,MINERALES,SAO PAULO,2023-01-07,4:52,2023-01-08,15:26,5420.74,12.1,12,RECHAZADO
MOV-01417,B-019,CMA-LITORAL,R-08,MUELLE-C,CONTENEDORES,ROTTERDAM,23/04/2023,18:34,26-04-2023,07:19 AM,4954.64,10.7,12,PENDIENTE
MOV-01418,B-040,COSCO-TIGRE,R-06,MUELLE-D,ACEITE,SAO PAULO,2021-11-11,3:10,00/00/0000,16:54,5311.39,9.1,12,RECHAZADO
MOV-01419,B-036,COSCO-TIGRE,R-01,MUELLE-F,CONTENEDORES,SAO PAULO,2023-09-09,16:12,2023-09-12,14:59,4823.81,12.7,12,
MOV-01420,B-025,,R-06,MUELLE-F,CONTENEDORES,MONTEVIDEO,2023-06-10,9:04,2023-06-11,09:36 AM,,8.7,12,EN_REVISION
MOV-01421,B-039,HAPAG-RIO,R-04,MUELLE-F,CONTENEDORES,SANTA FE,2022-11-05,20:21,2022-11-08,19:26,5232.14,9.0,10,PENDIENTE
MOV-01422,B-038,COSCO-STAR,R-01,MUELLE-C,TRIGO,VALPARAISO,2023-03-13,15:21,2023-03-15,7:43,6536.74,13.2,12,PENDIENTE
MOV-01423,B-040,CMA-LITORAL,R-05,MUELLE-D,GRANOS,SAO PAULO,2020-05-27,15:33,2020-05-28,13:5,,13.5,10,DESPACHADO
MOV-01424,B-030,hapag rio!!,R-07,MUELLE-A,SOJA,SANTA FE,2024-08-17,2:29,2024-08-18,2:08,5433.63,147.9,10,
MOV-01425,B-018,COSCO-TIGRE,R-07,MUELLE-A,TRIGO,ROTTERDAM,2020-11-16,1:40,2020-11-17,08:30 AM,6290.3,10.6,12,DESPACHADO
MOV-01426,B-003,YANG-MING,R-05,MUELLE-D,SOJA,HAMBURG,2020-06-01,23:21,02-06-2020,10:03 PM,7481.3,13.4,15,PENDIENTE
MOV-01427,B-027,MAERSK-PAMPAS,R-06,MUELLE-B,TRIGO,SANTA FE,2022-01-11,AB:CD,2022-01-12,6:43,5241.06,9.9,15,PENDIENTE
MOV-01428,B-002,ZIM-DELTA,R-05,MUELLE-F,ACEITE,SHANGHAI,2020-11-26,1:06,2020-11-28,16:8,-1353.77,15.2,15,EN_REVISION
MOV-01429,B-038,HAPAG-RIO,,MUELLE-D,MINERALES,SHANGHAI,2023-08-19,5:42,2023-08-20,sin dato,4898.15,13.3,12,DESPACHADO
MOV-01430,B-036,HAPAG-SUR,,MUELLE-A,TRIGO,ROTTERDAM,2020-06-30,8:18,2020-07-01,03:52 PM,5195.76,15.4,12,EN_REVISION
MOV-01431,B-028,PIL-OESTE,R-06,MUELLE-C,MINERALES,SAO PAULO,2024-07-19,AB:CD,2024-07-20,96:37:00,2614.34,15.1,10,
MOV-01432,B-019,MAERSK-LIMA,R-08,MUELLE-A,CONTENEDORES,SANTA FE,2021-02-18,AB:CD,2021-02-19,03:52 AM,5338.65,13.6,12,PENDIENTE
MOV-01433,B-036,HAPAG-RIO,R-02,MUELLE-D,TRIGO,SAO PAULO,20/06/2023,20:57,2023-06-21,10:45,5053.27,7.9,12,PENDIENTE
MOV-01434,B-031,COSCO-TIGRE,R-05,MUELLE-D,ACEITE,ROTTERDAM,2021-12-23,1:47,2021-12-23,8:55,4817.34,12.8,12,PENDIENTE
MOV-01435,B-007,PIL-SANTA,R-04,MUELLE-E,MAIZ,SHANGHAI,2024-11-14,23:34,2024-11-17,9:25,5570.79,,15,EN_REVISION
MOV-01436,B-032,@#$%,R-01,muelle  f!!,TRIGO,SANTA FE,2020-08-02,23:27,2020-08-05,12:46,3641.11,10.6,10,PENDIENTE
MOV-01437,B-018,MSC-GENOVA,R-07,MUELLE-E,SOJA,VALPARAISO,2021-02-28,17:41,2021-03-02,18:39,2856.22,11.7,12,PENDIENTE
MOV-01438,B-015,HAPAG-SUR,,MUELLE-B,SOJA,SANTA FE,2024-07-08,3:59,2024-07-09,7:21,3282.63,14.8,15,EN_REVISION
MOV-01439,B-006,PIL-OESTE,R-02,MUELLE-D,GRANOS,MONTEVIDEO,2021-05-07,14:16,2021-05-08,21:50,5345.62,14.0,15,EN_REVISION
MOV-01440,B-025,HAPAG-RIO,R-01,MUELLE-D,TRIGO,VALPARAISO,2024-02-10,11:19,2024-02-11,5:10 AM,2573.52,10.5,10,
MOV-01441,B-035,ONE-PLATA,R-05,MUELLE-B,TRIGO,SANTA FE,2022-11-04,23:56,05-11-2022,14:31,4468.47,16.3,12,DESPACHADO
MOV-01442,B-034,HAPAG-RIO,R-07,MUELLE-A,MINERALES,SAO PAULO,2022-07-25,6:48,2022-07-27,16:11,4888.42,,15,EN_REVISION
MOV-01443,B-018,PIL-OESTE,R-02,MUELLE-F,SOJA,ROTTERDAM,2024-01-25,15:12,2024-01-27,5:34,4080.88,12.1,10,EN_REVISION
MOV-01444,B-016,@#$%,,MUELLE-A,TRIGO,ROTTERDAM,2021-05-15,16:19,2021-05-16,00:4,5359.09,12.4,10,RECHAZADO
MOV-01445,B-035,COSCO-STAR,R-03,MUELLE-E,TRIGO,HAMBURG,2023-03-07,7:48,2023-03-07,1:33 PM,3799.74,9.8,15,PENDIENTE
MOV-01446,B-003,CMA-LITORAL,R-03,MUELLE-F,HARINA,ROTTERDAM,2024-06-25,30:36:00,2024-06-26,08:24 PM,5322.93,11.0,12,DESPACHADO
MOV-01447,B-011,EVER-GLORY,R-04,MUELLE-D,MAIZ,VALPARAISO,2021-03-14,14:34,2021-03-17,09:00 AM,4620.13,14.5,10,RECHAZADO
MOV-01448,B-028,EVERGREEN-02,R-08,MUELLE-C,SOJA,ROTTERDAM,2022-04-08,22:15,2022-04-10,9:10,3139.02,6.0,12,EN_REVISION
MOV-01449,B-035,ONE-PLATA,R-04,MUELLE-D,HARINA,VALPARAISO,32/13/2021,9:08,2020-03-18,06:20 PM,5613.01,15.9,12,
MOV-01450,B-015,,R-07,MUELLE-B,MAIZ,VALPARAISO,2020-03-04,AB:CD,2020-03-07,10:53 AM,5361.91,17.2,15,DESPACHADO
MOV-01451,B-033,ONE-PARANA,R-04,MUELLE-F,SOJA,SAO PAULO,2022-08-22,11:37,2022-08-24,19:20,4779.22,11.5,15,PENDIENTE
MOV-01452,B-026,EVER-GLORY,R-06,MUELLE-C,MINERALES,SAO PAULO,2024-05-14,0:47,2024-05-16,10:41 PM,6167.88,14.6,10,EN_REVISION
MOV-01453,B-006,YANG-MING,R-04,MUELLE-B,CONTENEDORES,HAMBURG,2021-06-22,26:15:00,2021-06-22,05:3 AM,2754.79,13.5,12,EN_REVISION
MOV-01454,B-008,ONE-PLATA,R-08,MUELLE-C,GRANOS,VALPARAISO,2021-04-01,9:33,2021-04-03,2:07,4941.82,12.6,12,DESPACHADO
MOV-01455,B-005,HAPAG-RIO,R-02,MUELLE-B,HARINA,SHANGHAI,2020-03-03,1:30,2020-03-04,20:08,5802.33,8.4,15,EN_REVISION
MOV-01456,B-019,MAERSK-LIMA,R-04,MUELLE-D,MINERALES,HAMBURG,2022-01-09,18:42,2022-01-10,24:00:00,8898.45,9.1,15,
MOV-01457,B-011,ZIM-NORTE,R-05,MUELLE-C,TRIGO,MONTEVIDEO,2021-07-25,3:15,2021-07-27,9:39,5702.9,9.2,15,RECHAZADO
MOV-01458,B-003,YANG-ESTE,R-05,MUELLE-E,GRANOS,VALPARAISO,2020-04-19,14:08,2020-04-21,03:4,4936.57,14.4,12,EN_REVISION
MOV-01459,B-001,ZIM-DELTA,R-08,MUELLE-E,MAIZ,SANTA FE,2023-06-01,30:30:00,2023-06-02,13:22,4427.16,15.4,15,PENDIENTE
MOV-01460,B-031,,R-07,MUELLE-B,SOJA,HAMBURG,2022-04-12,23:28,2022-04-15,20:12,6112.75,13.2,12,RECHAZADO
MOV-01461,B-026,EVERGREEN-02,R-05,muelle  e!!,MINERALES,HAMBURG,2021-07-04,7:52,2021-07-05,4:42,5148.54,9.9,12,DESPACHADO
MOV-01462,B-038,HAPAG-RIO,R-01,MUELLE-C,TRIGO,ROTTERDAM,32/13/2021,13:39,2022-12-12,2:07,6676.63,12.7,12,EN_REVISION
MOV-01463,B-030,MAERSK-PAMPAS,R-07,MUELLE-A,MAIZ,HAMBURG,2024-03-01,6:51,2024-03-02,10:9,5760.03,7.5,15,RECHAZADO
MOV-01464,B-024,EVER-GLORY,R-07,MUELLE-C,SOJA,SANTA FE,2023-08-25,15:56,2023-08-27,15:10,5907.16,13.2,15,PENDIENTE
MOV-01465,B-030,HAPAG-RIO,R-07,MUELLE-C,HARINA,SANTA FE,2023-06-18,5:45,2023-06-21,11:21 AM,7004.1,6.8,15,DESPACHADO
MOV-01466,B-001,HAPAG-SUR,R-02,MUELLE-B,HARINA,HAMBURG,2024-05-05,1:29,00/00/0000,22:43,5513.96,10.2,12,
MOV-01467,B-028,MAERSK-LIMA,R-02,MUELLE-E,ACEITE,HAMBURG,2024-06-07,0:14,2024-06-07,04:02 AM,4552.46,150.1,10,PENDIENTE
MOV-01468,B-004,HAPAG-SUR,R-08,MUELLE-B,GRANOS,SHANGHAI,2024-04-03,27:43:00,2024-04-04,04:20 PM,2967.84,9.1,10,PENDIENTE
MOV-01469,B-029,ZIM-NORTE,R-04,MUELLE-B,TRIGO,VALPARAISO,2020-06-11,17:32,2020-06-14,13:51,6419.97,13.7,12,PENDIENTE
MOV-01470,B-039,ZIM-NORTE,,MUELLE-C,HARINA,ROTTERDAM,2024-11-14,13:10,2024-11-16,N/A,5996.14,7.6,12,DESPACHADO
MOV-01471,B-009,EVER-GLORY,R-05,MUELLE-D,GRANOS,HAMBURG,2024-08-18,8:58,2024-08-21,sin dato,5064.05,12.6,12,
MOV-01472,B-005,HAPAG-RIO,R-01,MUELLE-B,CONTENEDORES,HAMBURG,2024-02-14,12:39,2024-02-16,20:46,2552.17,6.9,10,
MOV-01473,B-016,MAERSK-LIMA,R-04,MUELLE-A,GRANOS,BUENOS AIRES,2020-12-31,2:21,2021-01-01,2:47,7107.14,14.9,10,RECHAZADO
MOV-01474,B-009,ONE-PARANA,R-03,MUELLE-C,CONTENEDORES,VALPARAISO,2024-06-07,12:03,2024-06-09,20:55,4669.75,12.1,10,EN_REVISION
MOV-01475,B-003,MAERSK-LIMA,R-02,MUELLE-D,GRANOS,SHANGHAI,2022-05-27,23:21,2022-05-30,14:33,4770.51,16.2,15,RECHAZADO
MOV-01476,B-040,yang este!!,R-04,MUELLE-F,MINERALES,VALPARAISO,2023-01-06,0:18,2023-01-07,8:26,4668.95,13.9,10,RECHAZADO
MOV-01477,B-040,MAERSK-PAMPAS,R-05,MUELLE-F,SOJA,ROTTERDAM,2022-08-22,4:52,2022-08-23,N/A,3921.24,11.5,10,PENDIENTE
MOV-01478,B-001,ZIM-NORTE,R-07,MUELLE-F,SOJA,BUENOS AIRES,2021-09-15,22:56,2021-09-17,5:01,-2399.07,8.5,12,PENDIENTE
MOV-01479,B-015,EVERGREEN-02,R-03,MUELLE-A,ACEITE,MONTEVIDEO,2020-08-22,2:00,2020-08-24,10:27,2759.35,12.6,12,RECHAZADO
MOV-01480,B-012,msc alpha!!,R-03,MUELLE-C,MINERALES,HAMBURG,2023-11-23,15:45,2023-11-26,10:17,2789.39,,15,RECHAZADO
MOV-01481,B-023,EVER-GLORY,R-08,MUELLE-F,SOJA,SHANGHAI,2023-09-28,20:47,2023-09-30,10:40 AM,2898.93,7.0,15,DESPACHADO
MOV-01482,B-019,COSCO-STAR,R-07,MUELLE-B,GRANOS,ROTTERDAM,2021-10-19,23:44,2021-10-22,12:31,3051.23,10.5,10,PENDIENTE
MOV-01483,B-034,HAPAG-SUR,R-08,MUELLE-E,TRIGO,VALPARAISO,2020-07-11,22:27,2020-07-14,08:06 PM,6585.96,17.1,12,RECHAZADO
MOV-01484,B-022,MAERSK-LIMA,R-07,MUELLE-F,MAIZ,SANTA FE,2022-02-12,4:28,2022-02-14,7:03,4149.47,15.0,10,EN_REVISION
MOV-01485,B-030,MAERSK-PAMPAS,,MUELLE-F,MAIZ,MONTEVIDEO,2024-06-22,10:48,2024-06-23,11:03 PM,3660.51,,15,EN_REVISION
MOV-01486,B-022,ONE-PLATA,R-01,MUELLE-D,CONTENEDORES,ROTTERDAM,2021-04-07,17:42,2021-04-09,23:42,3585.2,11.2,10,EN_REVISION
MOV-01487,B-001,ONE-PARANA,R-06,MUELLE-B,HARINA,BUENOS AIRES,2022-04-14,3:51,2022-04-15,16:29,2995.13,14.6,12,RECHAZADO
MOV-01488,B-017,YANG-MING,R-01,MUELLE-F,SOJA,MONTEVIDEO,2022-09-30,22:06,2022-10-02,01:47 AM,4360.61,,12,RECHAZADO
MOV-01489,B-011,,,MUELLE-D,HARINA,BUENOS AIRES,2020-11-12,22:36,2020-11-14,____,4085.53,,10,RECHAZADO
MOV-01490,B-002,MAERSK-LIMA,R-01,MUELLE-A,TRIGO,SANTA FE,2020-11-10,17:25,2020-11-13,06:28 PM,4609.65,13.7,15,DESPACHADO
MOV-01491,B-038,CMA-LITORAL,R-07,MUELLE-F,CONTENEDORES,MONTEVIDEO,2020-05-18,18:35,2020-05-19,14:44,4696.98,12.8,15,DESPACHADO
MOV-01492,B-025,ONE-PARANA,,MUELLE-F,HARINA,SHANGHAI,2024-04-28,23:14,2024-04-30,10:46 AM,4693.24,11.4,10,EN_REVISION
MOV-01493,B-032,EVERGREEN-02,R-04,MUELLE-A,MAIZ,ROTTERDAM,2024-04-01,1:50,2024-04-02,12:00,4781.9,15.9,15,DESPACHADO
MOV-01494,B-008,,R-03,MUELLE-E,HARINA,SHANGHAI,2021-06-11,1:53,2021-06-11,0:20,3655.51,,15,EN_REVISION
MOV-01495,B-032,YANG-MING,R-04,muelle  f!!,ACEITE,HAMBURG,2020-09-20,10:22,22-09-2020,08:27 AM,4308.47,8.0,15,EN_REVISION
MOV-01496,B-019,HAPAG-SUR,R-01,MUELLE-A,MAIZ,SHANGHAI,2022-07-07,4:19,2022-07-08,23:19,4692.6,11.6,15,DESPACHADO
MOV-01497,B-035,YANG-ESTE,R-01,muelle  e!!,SOJA,SANTA FE,2021-06-30,20:29,2021-07-02,null,4523.07,6.5,10,DESPACHADO
MOV-01498,B-012,ONE-PLATA,R-08,MUELLE-D,ACEITE,HAMBURG,2022-11-08,13:35,2022-11-10,02:45 AM,4845.04,9.3,12,EN_REVISION
MOV-01499,B-026,PIL-SANTA,R-06,MUELLE-B,TRIGO,VALPARAISO,2021-06-27,20:40,2021-06-30,10:20 PM,4197.51,10.1,15,RECHAZADO
MOV-01500,B-008,@#$%,R-08,MUELLE-C,ACEITE,SHANGHAI,2023-09-24,6:15,2023-09-25,21:53,5811.38,15.4,10,EN_REVISION